performance_cut,difficulty_quantile,difficulty_pass_rate_cut,state,n,first_cmat_use_rate,mean_first_cmat_visits,eventual_mu_pass_rate,observed_later_calc_rate
-0.75,0.2,0.603448275862069,adverse_or_nonnumeric,1101,0.16167120799273388,0.3823796548592189,0.44232515894641233,0.19709355131698456
-0.75,0.2,0.603448275862069,compounded_strain,102,0.058823529411764705,0.09803921568627451,0.2549019607843137,0.12745098039215685
-0.75,0.2,0.603448275862069,contextual_challenge,810,0.2765432098765432,1.0641975308641975,0.9691358024691358,0.7222222222222222
-0.75,0.2,0.603448275862069,individual_strain,563,0.08170515097690942,0.2113676731793961,0.4866785079928952,0.3321492007104796
-0.75,0.2,0.603448275862069,lower_strain,4051,0.19254505060478894,0.533201678597877,0.9918538632436436,0.7773389286595902
-0.75,0.25,0.6206896551724138,adverse_or_nonnumeric,1101,0.16167120799273388,0.3823796548592189,0.44232515894641233,0.19709355131698456
-0.75,0.25,0.6206896551724138,compounded_strain,136,0.0661764705882353,0.125,0.25,0.125
-0.75,0.25,0.6206896551724138,contextual_challenge,1038,0.28227360308285165,1.0404624277456647,0.9682080924855492,0.7524084778420038
-0.75,0.25,0.6206896551724138,individual_strain,529,0.08128544423440454,0.21172022684310018,0.502835538752363,0.34593572778827975
-0.75,0.25,0.6206896551724138,lower_strain,3823,0.18597959717499346,0.507978027726916,0.9934606330107245,0.7724300287732148
-0.75,0.3333333333333333,0.6666666666666666,adverse_or_nonnumeric,1101,0.16167120799273388,0.3823796548592189,0.44232515894641233,0.19709355131698456
-0.75,0.3333333333333333,0.6666666666666666,compounded_strain,201,0.06467661691542288,0.15422885572139303,0.2835820895522388,0.15920398009950248
-0.75,0.3333333333333333,0.6666666666666666,contextual_challenge,1465,0.2744027303754266,0.9767918088737202,0.9754266211604096,0.7590443686006826
-0.75,0.3333333333333333,0.6666666666666666,individual_strain,464,0.08405172413793104,0.21120689655172414,0.5237068965517241,0.3620689655172414
-0.75,0.3333333333333333,0.6666666666666666,lower_strain,3396,0.1772673733804476,0.46849234393404005,0.9935217903415783,0.7720848056537103
-0.5,0.2,0.603448275862069,adverse_or_nonnumeric,1101,0.16167120799273388,0.3823796548592189,0.44232515894641233,0.19709355131698456
-0.5,0.2,0.603448275862069,compounded_strain,125,0.08,0.136,0.32,0.168
-0.5,0.2,0.6034448275862069,contextual_challenge,787,0.2795425667090216,1.0864040660736975,0.9796696315120712,0.7331639135959339
-0.5,0.2,0.603448275862069,individual_strain,710,0.09436619718309859,0.24929577464788732,0.5690140845070423,0.4070422535211268
-0.5,0.2,0.603448275862069,lower_strain,3904,0.19441598360655737,0.538422131147541,0.9959016393442623,0.7804815573770492
-0.5,0.25,0.6206896551724138,adverse_or_nonnumeric,1101,0.16167120799273388,0.3823796548592189,0.44232515894641233,0.19709355131698456
-0.5,0.25,0.6206896551724138,compounded_strain,162,0.08024691358024691,0.14814814814814814,0.30864197530864196,0.16049382716049382
-0.5,0.25,0.6206896551724138,contextual_challenge,1012,0.2855731225296443,1.0602766798418972,0.9772727272727273,0.7628458498023716
-0.5,0.25,0.6206896551724138,individual_strain,673,0.0950965824665676,0.2526002971768202,0.5854383358098069,0.42199108469539376
-0.5,0.25,0.6206896551724138,lower_strain,3679,0.18755096493612394,0.5120956781734167,0.9975536830660505,0.7752106550693123
-0.5,0.3333333333333333,0.6666666666666666,adverse_or_nonnumeric,1101,0.16167120799273388,0.3823796548592189,0.44232515894641233,0.19709355131698456
-0.5,0.333333333333333,0.6666666666666666,compounded_strain,240,0.09166666666666666,0.2125,0.3541666666666667,0.20416666666666666
-0.5,0.3333333333333333,0.6666666666666666,contextual_challenge,1426,0.2755960729312763,0.9894810659186536,0.982468443197756,0.7678821879382889
-0.5,0.3333333333333333,0.6666666666666666,individual_strain,595,0.09243697478991597,0.24033613445378152,0.6033613445378151,0.43865546218487395
-0.5,0.3333333333333333,0.6666666666666666,lower_strain,3265,0.17947932618683002,0.47350689127105666,0.9978560490045941,0.7745788667687595
-0.25,0.2,0.603448275862069,adverse_or_nonnumeric,1101,0.16167120799273388,0.3823796548592189,0.44232515894641233,0.19709355131698456
-0.25,0.2,0.603448275862069,compounded_strain,155,0.11612903225806452,0.3870967741935484,0.4129032258064516,0.25806451612903225
-0.25,0.2,0.6034448275862069,contextual_challenge,757,0.2800528401585205,1.0726552179656539,0.9867899603698811,0.7371202113606341
-0.25,0.2,0.603448275862069,individual_strain,974,0.12320328542094455,0.3316221765913758,0.675564681724846,0.4948665297741273
-0.25,0.2,0.603448275862069,lower_strain,3640,0.19395604395604396,0.5373626373626373,0.9983516483516484,0.7840659340659341
-0.25,0.25,0.6206896551724138,adverse_or_nonnumeric,1101,0.16167120799273388,0.3823796548592189,0.44232515894641233,0.19709355131698456
-0.25,0.25,0.6206896551724138,compounded_strain,198,0.111111111111111,0.3434343434343434,0.3888888888888889,0.23737373737373738
-0.25,0.25,0.6206896551724138,contextual_challenge,976,0.28688524590163933,1.0543032786885247,0.985655737704918,0.7694672131147541
-0.25,0.25,0.6206896551724138,individual_strain,931,0.12459720730397422,0.3383458646616541,0.6928034371643395,0.5102040816326531
-0.25,0.25,0.6206896551724138,lower_strain,3421,0.1864951768488746,0.5083308973984215,0.9994153756211634,0.777842736042093
-0.25,0.3333333333333333,0.6666666666666666,adverse_or_nonnumeric,1101,0.16167120799273388,0.3823796548592189,0.44232515894641233,0.19709355131698456
-0.25,0.3333333333333333,0.6666666666666666,compounded_strain,306,0.13071895424836602,0.40522875816993464,0.46078431372549017,0.30392156862745096
-0.25,0.33333333333333333,0.6666666666666666,contextual_challenge,1360,0.2757352941176471,0.9838235294117647,0.9889705882352942,0.7727941176470589
-0.25,0.33333333333333333,0.6666666666666666,individual_strain,823,0.11907654921020656,0.31470230862697446,0.7059538274605103,0.5212636695018226
-0.25,0.3333333333333333,0.6666666666666666,lower_strain,3037,0.1787948633519921,0.4708594007243991,0.9996707276918011,0.7774119196575568
