model,term,coef,cluster_se,p_value,ci95_low,ci95_high,n,calc_classrooms,covariance
prior_performance_plus_mu_use,"C(MU_VISIT_GROUP, Treatment(reference='0'))[T.1-2]",0.15395571278093212,0.037571408472270584,4.1730666110438165e-05,0.08031710532683872,0.22759432023502552,3241,145,cluster-robust by Calculus course classroom
prior_performance_plus_mu_use,"C(MU_VISIT_GROUP, Treatment(reference='0'))[T.3]",0.20729736388771286,0.05762991819181262,0.0003218537891148932,0.09434479979977045,0.32024992797565527,3241,145,cluster-robust by Calculus course classroom
prior_performance_plus_mu_use,"C(MU_VISIT_GROUP, Treatment(reference='0'))[T.4+]",0.19990798026665543,0.053928075477223565,0.00020978107175847587,0.09421089457573956,0.3056050659575713,3241,145,cluster-robust by Calculus course classroom
prior_performance_plus_mu_use,Z_MU,0.584948593216828,0.04343035983638125,2.3917882078459593e-41,0.4998266521019059,0.6700705343317501,3241,145,cluster-robust by Calculus course classroom
plus_calc_major_and_period,"C(MU_VISIT_GROUP, Treatment(reference='0'))[T.1-2]",0.12241002196040263,0.03654945669201879,0.0008105662336057812,0.05077440318953934,0.1940456407312659,3241,145,cluster-robust by Calculus course classroom
plus_calc_major_and_period,"C(MU_VISIT_GROUP, Treatment(reference='0'))[T.3]",0.1530112424851444,0.05906121696846409,0.009577459782136479,0.03725338434384885,0.26876910062643994,3241,145,cluster-robust by Calculus course classroom
plus_calc_major_and_period,"C(MU_VISIT_GROUP, Treatment(reference='0'))[T.4+]",0.17224947801789223,0.05195318377724049,0.0009148754879465493,0.07042310893231027,0.2740758471034742,3241,145,cluster-robust by Calculus course classroom
plus_calc_major_and_period,C(CALC_CAREER_MODEL)[T.LAT],0.41969569100764026,0.08085980730776962,2.09829595789999e-07,0.26121338088756313,0.5781780011277173,3241,145,cluster-robust by Calculus course classroom
plus_calc_major_and_period,C(CALC_CAREER_MODEL)[T.LBC],0.0682197912401084,0.09929584236845485,0.4920602149082042,-0.12639648361662947,0.2628360660968463,3241,145,cluster-robust by Calculus course classroom
plus_calc_major_and_period,C(CALC_CAREER_MODEL)[T.LBI],0.09799922040790898,0.08102403087666707,0.22646770692261164,-0.06080496199261978,0.2568034028084377,3241,145,cluster-robust by Calculus course classroom
plus_calc_major_and_period,C(CALC_CAREER_MODEL)[T.LBM],0.18843552490315102,0.08843260200005955,0.033102512842463426,0.015110809923869567,0.36176023988243244,3241,145,cluster-robust by Calculus course classroom
plus_calc_major_and_period,C(CALC_CAREER_MODEL)[T.LBN],0.03845883504288855,0.08217395370175823,0.6397721911746476,-0.12259915467981944,0.19951682476559654,3241,145,cluster-robust by Calculus course classroom
plus_calc_major_and_period,C(CALC_CAREER_MODEL)[T.LCS],0.161797066871924,0.08795444525648123,0.06583355048012032,-0.010590478110979018,0.334184611854827,3241,145,cluster-robust by Calculus course classroom
plus_calc_major_and_period,C(CALC_CAREER_MODEL)[T.LDS],0.4704541494117984,0.12106057713026462,0.00010186533819393842,0.23317977828884642,0.7077285205347504,3241,145,cluster-robust by Calculus course classroom
plus_calc_major_and_period,C(CALC_CAREER_MODEL)[T.LEC],0.1541940985000105,0.09146648715012407,0.09183455011304816,-0.02507692210662832,0.33346511910664933,3241,145,cluster-robust by Calculus course classroom
plus_calc_major_and_period,C(CALC_CAREER_MODEL)[T.LFA],0.6247310777831843,0.07304188215950566,1.1987498505879347e-17,0.48157161938753446,0.7678905361788341,3241,145,cluster-robust by Calculus course classroom
plus_calc_major_and_period,C(CALC_CAREER_MODEL)[T.LFB],0.1395818431584226,0.09223076221212799,0.13017861450286872,-0.04118712904402602,0.3203508153608712,3241,145,cluster-robust by Calculus course classroom
plus_calc_major_and_period,C(CALC_CAREER_MODEL)[T.LFP],0.022459524805874008,0.07816707359736699,0.7738618132282484,-0.13074512422185705,0.17566417383360508,3241,145,cluster-robust by Calculus course classroom
plus_calc_major_and_period,C(CALC_CAREER_MODEL)[T.LIC],-0.2107149735418619,0.10336547032780215,0.041495642041042134,-0.4133075726293977,-0.008122374454326065,3241,145,cluster-robust by Calculus course classroom
plus_calc_major_and_period,C(CALC_CAREER_MODEL)[T.LII],0.12170805287804302,0.06742960622812463,0.07108022023528443,-0.010451546820798976,0.25386765257688504,3241,145,cluster-robust by Calculus course classroom
plus_calc_major_and_period,C(CALC_CAREER_MODEL)[T.LIM],-0.14972615571333728,0.11249551919700473,0.18320474853586788,-0.3702133217616008,0.07076101033492627,3241,145,cluster-robust by Calculus course classroom
plus_calc_major_and_period,C(CALC_CAREER_MODEL)[T.LIN],0.24539995872801523,0.11821999151693838,0.03791331305029135,0.013693033102185309,0.4771068843538452,3241,145,cluster-robust by Calculus course classroom
plus_calc_major_and_period,C(CALC_CAREER_MODEL)[T.LIS],0.16140306422800463,0.07593063858502525,0.033531203386044525,0.012581747278227778,0.3102243811777815,3241,145,cluster-robust by Calculus course classroom
plus_calc_major_and_period,C(CALC_CAREER_MODEL)[T.LMK],-0.01442643332493704,0.0919945244583735,0.8753879781021159,-0.19473238803823822,0.16587952138836415,3241,145,cluster-robust by Calculus course classroom
plus_calc_major_and_period,C(CALC_CAREER_MODEL)[T.LMT],0.11234200401095058,0.09120772233549751,0.21805521921096183,-0.066421846878554,0.29110585490045515,3241,145,cluster-robust by Calculus course classroom
plus_calc_major_and_period,C(CALC_CAREER_MODEL)[T.LNA],0.12020794535117017,0.12422300523051417,0.333204902698477,-0.12326467095196837,0.36368056165430873,3241,145,cluster-robust by Calculus course classroom
plus_calc_major_and_period,C(CALC_CAREER_MODEL)[T.LNI],0.03360829464936172,0.06868010116986319,0.6245971526088916,-0.10100223009813736,0.16821881939686079,3241,145,cluster-robust by Calculus course classroom
plus_calc_major_and_period,C(CALC_CAREER_MODEL)[T.LNM],0.23569133229345599,0.07198636996331387,0.0010599514030173519,0.09460063978758487,0.3767820247993271,3241,145,cluster-robust by Calculus course classroom
plus_calc_major_and_period,C(CALC_CAREER_MODEL)[T.LQI],0.1100385130226537,0.08757327296970632,0.2089235933569923,-0.061601948006265714,0.2816789740515731,3241,145,cluster-robust by Calculus course classroom
plus_calc_major_and_period,C(CALC_CAREER_MODEL)[T.LRT],0.1804892525730686,0.12710691656165649,0.15561356510008312,-0.06863572607371582,0.42961423121985304,3241,145,cluster-robust by Calculus course classroom
plus_calc_major_and_period,C(CALC_CAREER_MODEL)[T.OTHER],0.04138604850080379,0.10783399686321198,0.7011310838448724,-0.16996470166009683,0.2527367986617044,3241,145,cluster-robust by Calculus course classroom
plus_calc_major_and_period,C(CALC_PERIOD_LABEL)[T.2020-OTONO],0.13517008075920497,0.0898481960617865,0.13247137434968612,-0.040929147597790094,0.31126930911620004,3241,145,cluster-robust by Calculus course classroom
plus_calc_major_and_period,C(CALC_PERIOD_LABEL)[T.2020-PRIMAVERA],0.03300516341628537,0.061146182699356705,0.5893524056659258,-0.08683915246655992,0.15284947929913067,3241,145,cluster-robust by Calculus course classroom
plus_calc_major_and_period,C(CALC_PERIOD_LABEL)[T.2021-OTONO],0.311077863865612,0.11237335841088557,0.0056357721772877685,0.09083012855846512,0.5313255991727588,3241,145,cluster-robust by Calculus course classroom
plus_calc_major_and_period,C(CALC_PERIOD_LABEL)[T.2021-PRIMAVERA],0.07344427262582195,0.06248281041654655,0.23982206936000927,-0.04901978544345341,0.19590833069509733,3241,145,cluster-robust by Calculus course classroom
plus_calc_major_and_period,C(CALC_PERIOD_LABEL)[T.2022-OTONO],0.23138032476237333,0.09935420534430614,0.019867395626160966,0.03664966057493632,0.42611098894981037,3241,145,cluster-robust by Calculus course classroom
plus_calc_major_and_period,C(CALC_PERIOD_LABEL)[T.2022-PRIMAVERA],-0.02896683044658743,0.0601162092397977,0.6299144569491577,-0.14679243544366494,0.08885877455049009,3241,145,cluster-robust by Calculus course classroom
plus_calc_major_and_period,C(CALC_PERIOD_LABEL)[T.2023-OTONO],0.25940929574343946,0.09576584622859238,0.006752964300393833,0.07171168618639742,0.44710690530048147,3241,145,cluster-robust by Calculus course classroom
plus_calc_major_and_period,C(CALC_PERIOD_LABEL)[T.2023-PRIMAVERA],0.010534014182999693,0.06243430805847536,0.8660156553179417,-0.11183498101129087,0.13290300937729027,3241,145,cluster-robust by Calculus course classroom
plus_calc_major_and_period,C(CALC_PERIOD_LABEL)[T.2024-PRIMAVERA],0.07213006866769865,0.05770305798638385,0.2112916582742821,-0.040965846783440035,0.18522598411883734,3241,145,cluster-robust by Calculus course classroom
plus_calc_major_and_period,Z_MU,0.5780933155475765,0.042547031667080286,4.772437438937749e-42,0.49470266583101397,0.661483965264139,3241,145,cluster-robust by Calculus course classroom
