course_period,OFFICIAL_CAREER,FORM_CAREER,n
CALC,LAD,ADMINISTRACION DE EMPRESAS,28
CALC,LAD,ACTUARIA,1
CALC,LAD,INGENIERIA CIVIL,1
CALC,LAD,INGENIERIA MECANICA,1
CALC,LAI,ACTUARIA,1
CALC,LAT,ACTUARIA,101
CALC,LAT,FISICA,2
CALC,LAT,CIENCIA DE DATOS,1
CALC,LAT,INGENIERIA EN SISTEMAS COMPUTACIONALES,1
CALC,LBC,BIOQUIMICA CLINICA,21
CALC,LBC,BIOLOGIA,1
CALC,LBC,INGENIERIA BIOMEDICA,1
CALC,LBI,BIOLOGIA,19
CALC,LBM,INGENIERIA BIOMEDICA,33
CALC,LBN,BANCA E INVERSIONES,38
CALC,LBN,ACTUARIA,3
CALC,LBN,ECONOMIA,3
CALC,LBN,NANOTECNOLOGIA E INGENIERIA MOLECULAR,1
CALC,LBNM,BANCA E INVERSIONES,1
CALC,LCS,INGENIERIA EN LOGISTICA Y CADENA DE SUMINISTROS,11
CALC,LCS,INGENIERIA EN LOGISTICA,3
CALC,LCS,ACTUARIA,1
CALC,LCS,ADMINISTRACION DE NEGOCIOS INTERNACIONALES,1
CALC,LCS,CIENCIA DE DATOS,1
CALC,LCU,NANOTECNOLOGIA E INGENIERIA MOLECULAR,1
CALC,LDS,CIENCIA DE DATOS,6
CALC,LDS,ACTUARIA,5
CALC,LDS,INGENIERIA EN ELECTRONICA Y SISTEMAS INTELIGENTES,1
CALC,LDS,NANOTECNOLOGIA E INGENIERIA MOLECULAR,1
CALC,LEC,ECONOMIA,33
CALC,LEC,ADMINISTRACION DE NEGOCIOS INTERNACIONALES,1
CALC,LEC,BANCA E INVERSIONES,1
CALC,LFA,FISICA,34
CALC,LFA,CIENCIA DE DATOS,1
CALC,LFB,QUIMICO FARMACEUTICO BIOLOGO,6
CALC,LFB,NANOTECNOLOGIA E INGENIERIA MOLECULAR,1
CALC,LFP,ESTRATEGIAS FINANCIERAS Y CONTADURIA PUBLICA,33
CALC,LFP,ACTUARIA,2
CALC,LFP,ADMINISTRACION DE NEGOCIOS INTERNACIONALES,1
CALC,LFP,CIENCIA DE DATOS,1
CALC,LFP,COMUNICACION Y PRODUCCION DE MEDIOS,1
CALC,LFP,INGENIERIA AMBIENTAL,1
CALC,LHR,ADMINISTRACION DE EMPRESAS,1
CALC,LHR,BANCA E INVERSIONES,1
CALC,LIC,INGENIERIA CIVIL,14
CALC,LIC,INGENIERIA EN ELECTRONICA Y SISTEMAS INTELIGENTES,1
CALC,LIC,INGENIERIA INDUSTRIAL,1
CALC,LII,INGENIERIA INDUSTRIAL,63
CALC,LII,ECONOMIA,2
CALC,LII,CIENCIA DE DATOS,1
CALC,LII,INGENIERIA EN INDUSTRIAS ALIMENTARIAS,1
CALC,LII,INGENIERIA MECATRONICA,1
CALC,LIM,INGENIERIA MECANICA,29
CALC,LIM,INGENIERIA INDUSTRIAL,2
CALC,LIN,INGENIERIA AMBIENTAL,15
CALC,LIN,ACTUARIA,1
CALC,LIN,INGENIERIA QUIMICA,1
CALC,LIN,NANOTECNOLOGIA E INGENIERIA MOLECULAR,1
CALC,LIS,INGENIERIA EN SISTEMAS COMPUTACIONALES,30
CALC,LIS,ACTUARIA,1
CALC,LIS,INGENIERIA BIOMEDICA,1
CALC,LIV,MERCADOTECNIA,1
CALC,LIY,INGENIERIA EN ENERGIA,5
CALC,LMK,MERCADOTECNIA,25
CALC,LMK,ECONOMIA,2
CALC,LMK,ADMINISTRACION DE EMPRESAS,1
CALC,LMK,ADMINISTRACION DE NEGOCIOS INTERNACIONALES,1
CALC,LMK,ARQUITECTURA,1
CALC,LMK,CIENCIA DE DATOS,1
CALC,LMK,INGENIERIA MECANICA,1
CALC,LMT,INGENIERIA MECATRONICA,46
CALC,LMU,INGENIERIA MECANICA,1
CALC,LNA,INGENIERIA EN ALIMENTOS,7
CALC,LND,INGENIERIA EN SISTEMAS COMPUTACIONALES,1
CALC,LNI,ADMINISTRACION DE NEGOCIOS INTERNACIONALES,64
CALC,LNI,RELACIONES INTERNACIONALES,3
CALC,LNI,ADMINISTRACION DE EMPRESAS,2
CALC,LNI,ECONOMIA,2
CALC,LNI,ACTUARIA,1
CALC,LNM,NANOTECNOLOGIA E INGENIERIA MOLECULAR,42
CALC,LPA,FISICA,1
CALC,LPM,FISICA,1
CALC,LQI,INGENIERIA QUIMICA,22
CALC,LQI,INGENIERIA EN LOGISTICA,1
CALC,LRM,ADMINISTRACION DE NEGOCIOS INTERNACIONALES,1
CALC,LRM,NANOTECNOLOGIA E INGENIERIA MOLECULAR,1
CALC,LRP,ACTUARIA,1
CALC,LRT,INGENIERIA EN ROBOTICA Y TELECOMUNICACIONES,9
CALC,LRT,INGENIERIA EN SISTEMAS COMPUTACIONALES,1
CALC,LRT,INGENIERIA INDUSTRIAL,1
MU,LAD,ADMINISTRACION DE EMPRESAS,56
MU,LAD,ECONOMIA,1
MU,LAD,INGENIERIA MECANICA,1
MU,LAD,MERCADOTECNIA,1
MU,LAI,ACTUARIA,1
MU,LAP,BIOLOGIA,1
MU,LAT,ACTUARIA,82
MU,LAT,ADMINISTRACION DE EMPRESAS,1
MU,LAT,ADMINISTRACION DE NEGOCIOS INTERNACIONALES,1
MU,LAT,FISICA,1
MU,LAT,INGENIERIA EN SISTEMAS COMPUTACIONALES,1
MU,LAT,NANOTECNOLOGIA E INGENIERIA MOLECULAR,1
MU,LBC,BIOQUIMICA CLINICA,20
MU,LBC,QUIMICO FARMACEUTICO BIOLOGO,2
MU,LBC,BIOLOGIA,1
MU,LBC,INGENIERIA BIOMEDICA,1
MU,LBI,BIOLOGIA,17
MU,LBI,INGENIERIA QUIMICA,1
MU,LBI,QUIMICO FARMACEUTICO BIOLOGO,1
MU,LBM,INGENIERIA BIOMEDICA,35
MU,LBM,INGENIERIA MECATRONICA,1
MU,LBN,BANCA E INVERSIONES,23
MU,LBN,ACTUARIA,3
MU,LBN,ADMINISTRACION DE EMPRESAS,1
MU,LBN,MERCADOTECNIA,1
MU,LCS,INGENIERIA EN LOGISTICA Y CADENA DE SUMINISTROS,6
MU,LCS,INGENIERIA EN LOGISTICA,4
MU,LCS,ACTUARIA,1
MU,LCS,ADMINISTRACION DE NEGOCIOS INTERNACIONALES,1
MU,LCS,CIENCIA DE DATOS,1
MU,LCU,ACTUARIA,1
MU,LDS,ACTUARIA,7
MU,LDS,CIENCIA DE DATOS,6
MU,LDS,FISICA,1
MU,LDS,NANOTECNOLOGIA E INGENIERIA MOLECULAR,1
MU,LEA,FISICA,1
MU,LEC,ECONOMIA,20
MU,LEC,ADMINISTRACION DE EMPRESAS,1
MU,LEC,BIOLOGIA,1
MU,LFA,FISICA,27
MU,LFA,ACTUARIA,1
MU,LFB,QUIMICO FARMACEUTICO BIOLOGO,16
MU,LFB,BIOLOGIA,1
MU,LFB,CIENCIAS FARMACEUTICAS,1
MU,LFB,NANOTECNOLOGIA E INGENIERIA MOLECULAR,1
MU,LFP,ESTRATEGIAS FINANCIERAS Y CONTADURIA PUBLICA,36
MU,LFP,ADMINISTRACION DE NEGOCIOS INTERNACIONALES,2
MU,LFP,ACTUARIA,1
MU,LFP,ADMINISTRACION DE EMPRESAS,1
MU,LFP,CIENCIA DE DATOS,1
MU,LFP,ECONOMIA,1
MU,LFP,INGENIERIA AMBIENTAL,1
MU,LHR,ADMINISTRACION DE EMPRESAS,1
MU,LIC,INGENIERIA CIVIL,23
MU,LII,INGENIERIA INDUSTRIAL,44
MU,LII,ADMINISTRACION DE EMPRESAS,1
MU,LII,ADMINISTRACION DE NEGOCIOS INTERNACIONALES,1
MU,LII,ECONOMIA,1
MU,LII,INGENIERIA BIOMEDICA,1
MU,LII,INGENIERIA EN LOGISTICA Y CADENA DE SUMINISTROS,1
MU,LII,INGENIERIA QUIMICA,1
MU,LII,NANOTECNOLOGIA E INGENIERIA MOLECULAR,1
MU,LIM,INGENIERIA MECANICA,16
MU,LIN,INGENIERIA AMBIENTAL,8
MU,LIS,INGENIERIA EN SISTEMAS COMPUTACIONALES,33
MU,LIS,ADMINISTRACION DE EMPRESAS,1
MU,LIS,CIENCIA DE DATOS,1
MU,LIY,INGENIERIA EN ENERGIA,2
MU,LMK,MERCADOTECNIA,32
MU,LMK,ADMINISTRACION DE EMPRESAS,1
MU,LMK,CIENCIA DE DATOS,1
MU,LMK,ECONOMIA,1
MU,LMK,INGENIERIA QUIMICA,1
MU,LMT,INGENIERIA MECATRONICA,34
MU,LMT,INGENIERIA MECANICA,1
MU,LNA,INGENIERIA EN ALIMENTOS,7
MU,LNA,INGENIERIA EN INDUSTRIAS ALIMENTARIAS,1
MU,LND,INGENIERIA EN SISTEMAS COMPUTACIONALES,1
MU,LND,NANOTECNOLOGIA E INGENIERIA MOLECULAR,1
MU,LNI,ADMINISTRACION DE NEGOCIOS INTERNACIONALES,65
MU,LNI,ADMINISTRACION DE EMPRESAS,6
MU,LNI,ECONOMIA,1
MU,LNI,RELACIONES INTERNACIONALES,1
MU,LNM,NANOTECNOLOGIA E INGENIERIA MOLECULAR,32
MU,LNM,ACTUARIA,1
MU,LNM,ADMINISTRACION DE EMPRESAS,1
MU,LNM,ESTRATEGIAS FINANCIERAS Y CONTADURIA PUBLICA,1
MU,LNM,INGENIERIA EN SISTEMAS COMPUTACIONALES,1
MU,LPA,FISICA,1
MU,LPM,ADMINISTRACION DE EMPRESAS,1
MU,LPM,FISICA,1
MU,LPM,INGENIERIA EN ROBOTICA Y TELECOMUNICACIONES,1
MU,LQI,INGENIERIA QUIMICA,28
MU,LRI,INGENIERIA MECATRONICA,1
MU,LRM,ADMINISTRACION DE NEGOCIOS INTERNACIONALES,1
MU,LRP,ACTUARIA,1
MU,LRT,INGENIERIA EN ROBOTICA Y TELECOMUNICACIONES,10
MU,LRT,INGENIERIA EN ELECTRONICA Y COMUNICACIONES,1
MU,LRT,INGENIERIA EN SISTEMAS COMPUTACIONALES,1
MU,LRT,INGENIERIA INDUSTRIAL,1
