group_a,group_b,n_a,n_b,mean_a,mean_b,mean_difference_a_minus_b,df,games_howell_q,p_adjusted,ci95_low,ci95_high,significant_05
LAD,LAR,562,445,-0.26627905485835895,-0.024334687559620594,-0.24194436729873836,968.1196521984086,5.516849375601017,0.028998224827779695,-0.4741131045901739,-0.009775630007302805,True
LAD,LAT,562,368,-0.26627905485835895,0.11367028247240726,-0.3799493373307662,804.2558143895908,8.195063086769192,0.001,-0.6255467882351435,-0.1343518864263888,True
LAD,LBC,562,118,-0.26627905485835895,0.16834546284365012,-0.43462451770200905,197.99759170595627,7.1347733857319255,0.001,-0.7609573472179145,-0.10829168818610352,True
LAD,LBI,562,152,-0.26627905485835895,-0.013095203529201046,-0.2531838513291579,238.3009094513574,3.909913344285398,0.5497285403381686,-0.5992077976922459,0.09284009503393015,False
LAD,LBM,562,199,-0.26627905485835895,0.24645212254046922,-0.5127311773988281,389.0255108134536,9.59837588621694,0.001,-0.7968161728045355,-0.22864618199312076,True
LAD,LBN,562,281,-0.26627905485835895,0.06019957155046157,-0.3264786264088205,565.3608065791108,6.372478347814603,0.002762217004041778,-0.5982933383551197,-0.05466391446252139,True
LAD,LCN,562,160,-0.26627905485835895,-0.06258337886373014,-0.20369567599462882,278.3480173253208,3.4645836236486742,0.7578183665049805,-0.5173103837337333,0.10991903174447568,False
LAD,LCS,562,86,-0.26627905485835895,0.13427155696613866,-0.4005506118244976,112.21143678426618,4.870136102841132,0.14705543210106553,-0.8461387835337961,0.045037559884801015,False
LAD,LDS,562,87,-0.26627905485835895,0.16519137399324457,-0.4314704288516035,115.09439593923658,5.366744062369111,0.05546951047834692,-0.8667583866877429,0.0038175289845358007,False
LAD,LEC,562,174,-0.26627905485835895,0.0982592723335203,-0.3645383271918793,305.3862647081137,6.258274146691284,0.004435060945334857,-0.6749565514178878,-0.054120102965870776,True
LAD,LFA,562,138,-0.26627905485835895,0.02878708228705744,-0.2950661371454164,217.9257560872761,4.585037854306649,0.2267890774827871,-0.6393482479601562,0.0492159736693234,False
LAD,LFB,562,131,-0.26627905485835895,-0.07480022920394803,-0.19147882565441093,195.49751678209913,2.799707704929624,0.9,-0.557930795220742,0.1749731439119201,False
LAD,LFP,562,343,-0.26627905485835895,-0.032261941928111215,-0.23401711293024774,717.0580612149489,4.806407431385558,0.14450606659463394,-0.49204828752967666,0.024014061669181186,False
LAD,LHR,562,178,-0.26627905485835895,-0.1310047931792722,-0.13527426167908677,280.27411361137905,2.1034019045013483,0.9,-0.4783002206237952,0.20775169726562162,False
LAD,LIC,562,222,-0.26627905485835895,0.021469345692512604,-0.2877484005508716,406.6378648795278,5.1554178506744215,0.07264313934237887,-0.5844791241371912,0.008982323035447992,False
LAD,LII,562,361,-0.26627905485835895,0.18254949359558295,-0.44882854845394193,874.9157083073236,10.624512045761954,0.001,-0.6725422603112775,-0.22511483659660636,True
LAD,LIM,562,201,-0.26627905485835895,-0.0041591995166991086,-0.2621198553416598,337.9600936877169,4.353462117181515,0.3211221356842364,-0.5826873483612071,0.05844763767788741,False
LAD,LIN,562,64,-0.26627905485835895,0.04254897173690638,-0.3088280265952653,79.13238423760042,3.414899681221642,0.7714622915021022,-0.8040761161286096,0.18642006293807906,False
LAD,LIS,562,271,-0.26627905485835895,-0.00518103127124314,-0.2610980235871158,508.2674634648877,4.816399909942683,0.14322168856400763,-0.5488796284066779,0.026683581232446296,False
LAD,LIY,562,34,-0.26627905485835895,-0.201574093566915,-0.06470496129144396,35.591521015053985,0.4186299480894381,0.9,-0.9489263871304113,0.8195164645475234,False
LAD,LMK,562,350,-0.26627905485835895,-0.08023953099503012,-0.18603952386332884,738.7325562850726,3.862182983497302,0.5708769216788775,-0.44128899046912623,0.06920994274246856,False
LAD,LMT,562,320,-0.26627905485835895,0.14586794085488472,-0.41214699571324365,721.7320462881293,8.88578762765051,0.001,-0.6579514382419054,-0.16634255318458194,True
LAD,LNA,562,53,-0.26627905485835895,0.049853923511436075,-0.31613297836979504,62.074572642676195,3.096293853098984,0.9,-0.8808464881160059,0.24858053137641578,False
LAD,LNI,562,550,-0.26627905485835895,0.08948634996746929,-0.35576540482582825,1099.3737371676202,8.894668376901356,0.001,-0.5674329927752623,-0.14409781687639425,True
LAD,LNM,562,249,-0.26627905485835895,0.1897160793622633,-0.45599513422062227,506.09387974107835,8.883991758616396,0.001,-0.7284815811457847,-0.18350868729545988,True
LAD,LPM,562,30,-0.26627905485835895,-0.6306420084823933,0.3643629536240343,30.635497915266193,2.012972345318366,0.9,-0.6842241743731878,1.4129500816212563,False
LAD,LQI,562,151,-0.26627905485835895,0.051276834171544314,-0.3175558890299033,230.0550251313045,4.757334956748895,0.16772349355411276,-0.6744059316376332,0.039294153577826674,False
LAD,LRT,562,96,-0.26627905485835895,-0.010004075565431883,-0.2562749792929271,126.204063137431,3.151288714624519,0.8970189877500996,-0.6956040822441888,0.18305412365833462,False
LAR,LAT,445,368,-0.024334687559620594,0.11367028247240726,-0.13800497003202786,781.5106561410779,2.8785567709151803,0.9,-0.3919951898435228,0.11598524977946709,False
LAR,LBC,445,118,-0.024334687559620594,0.16834546284365012,-0.19268015040327072,211.12850329423065,3.1014037318334267,0.9,-0.5251904345547037,0.1398301337481623,False
LAR,LBI,445,152,-0.024334687559620594,-0.013095203529201046,-0.011239484030419548,252.06217984068135,0.17056848354978868,0.9,-0.3631175737435386,0.34063860568269955,False
LAR,LBM,445,199,-0.024334687559620594,0.24645212254046922,-0.2707868101000898,410.77583873433076,4.941834935258356,0.11368462899898402,-0.5620737055624434,0.020500085362263776,False
LAR,LBN,445,281,-0.024334687559620594,0.06019957155046157,-0.08453425911008217,582.80197099768,1.6051009502247695,0.9,-0.3639101344259402,0.1948416162057759,False
LAR,LCN,445,160,-0.024334687559620594,-0.06258337886373014,0.038248691304109544,295.85520798095405,0.6369804875406166,0.9,-0.28185014067649095,0.3583475232847101,False
LAR,LCS,445,86,-0.024334687559620594,0.13427155696613866,-0.15860624452575925,116.91585422806314,1.9075460824469628,0.9,-0.608605063248998,0.29139257419747955,False
LAR,LDS,445,87,-0.024334687559620594,0.16519137399324457,-0.18952606155286517,120.12342390128913,2.330678052039843,0.9,-0.6293361439349914,0.250284020829261,False
LAR,LEC,445,174,-0.024334687559620594,0.0982592723335203,-0.1225939598931409,324.05963177830944,2.059929292574559,0.9,-0.4395753090153657,0.1943873892290839,False
LAR,LFA,445,138,-0.024334687559620594,0.02878708228705744,-0.05312176984667803,230.90367236136478,0.8110067532936783,0.9,-0.4032740715001404,0.2970305318067843,False
LAR,LFB,445,131,-0.024334687559620594,-0.07480022920394803,0.05046554164432744,206.27422805880192,0.726408371167464,0.9,-0.3214827792417598,0.42241386253041463,False
LAR,LFP,445,343,-0.024334687559620594,-0.032261941928111215,0.007927254368490622,717.1226455924054,0.157930160671861,0.9,-0.2580856468707158,0.273940155607697,False
LAR,LHR,445,178,-0.024334687559620594,-0.1310047931792722,0.1066701056196516,295.90155698032845,1.6295524650429039,0.9,-0.24228321715039877,0.45562342838970193,False
LAR,LIC,445,222,-0.024334687559620594,0.021469345692512604,-0.0458040332521332,428.23715440171156,0.801704365392776,0.9,-0.3494333731699669,0.2578253066657006,False
LAR,LII,445,361,-0.024334687559620594,0.18254949359558295,-0.20688418115520354,803.1293945510866,4.704906116806105,0.1750012994393081,-0.4398161156354642,0.026047753325057127,False
LAR,LIM,445,201,-0.024334687559620594,-0.0041591995166991086,-0.020175488042921484,356.9820166917593,0.32841007376814496,0.9,-0.34710928371962035,0.3067583076337774,False
LAR,LIN,445,64,-0.024334687559620594,0.04254897173690638,-0.06688365929652698,81.94219470045422,0.7329302704993919,0.9,-0.5659985585912083,0.4322312399981544,False
LAR,LIS,445,271,-0.024334687559620594,-0.00518103127124314,-0.019153656288377452,529.4653292225815,0.3446957008975739,0.9,-0.31406845519379134,0.27576114261703644,False
LAR,LIY,445,34,-0.024334687559620594,-0.201574093566915,0.1772394060072944,36.03437718698761,1.1431507584267435,0.9,-0.708884047853225,1.0633628598678138,False
LAR,LMK,445,350,-0.024334687559620594,-0.08023953099503012,0.055904843435409524,734.3485754599669,1.1250412565436199,0.9,-0.2074151651191673,0.31922485198998635,False
LAR,LMT,445,320,-0.024334687559620594,0.14586794085488472,-0.1702026284145053,712.3794017862042,3.548749599807569,0.7195685805869678,-0.4243864124915896,0.083981155662579,False
LAR,LNA,445,53,-0.024334687559620594,0.049853923511436075,-0.07418861107105668,63.82389508072343,0.7214883028080861,0.9,-0.6422057129818391,0.4938284908397258,False
LAR,LNI,445,550,-0.024334687559620594,0.08948634996746929,-0.11382103752708989,914.8026628322015,2.72182529927972,0.9,-0.335242244806245,0.10760016975206521,False
LAR,LNM,445,249,-0.024334687559620594,0.1897160793622633,-0.2140507669218839,526.005982659436,4.057176463106265,0.4781915984785261,-0.49407112101200634,0.06596958716823853,False
LAR,LPM,445,30,-0.024334687559620594,-0.6306420084823933,0.6063073209227727,30.913746318452755,3.3420395752776013,0.7914095766604882,-0.44381087106389727,1.6564255129094427,False
LAR,LQI,445,151,-0.024334687559620594,0.051276834171544314,-0.07561152173116491,242.83532598733558,1.1142743367668546,0.9,-0.43813243436386295,0.2869093909015331,False
LAR,LRT,445,96,-0.024334687559620594,-0.010004075565431883,-0.01433061199418871,131.56671504748292,0.17426536866858353,0.9,-0.4581612742228341,0.42950005023445664,False
LAT,LBC,368,118,0.11367028247240726,0.16834546284365012,-0.05467518037124286,230.32361460752702,0.855347366977096,0.9,-0.3963952953913238,0.28704493464883807,False
LAT,LBI,368,152,0.11367028247240726,-0.013095203529201046,0.1267654860016083,272.01560101432824,1.8755303627405648,0.9,-0.23385430362401555,0.48738527562723216,False
LAT,LBM,368,199,0.11367028247240726,0.24645212254046922,-0.13278184006806196,436.72123558005626,2.3368149921593755,0.9,-0.43471469493029113,0.1691510147941672,False
LAT,LBN,368,281,0.11367028247240726,0.06019957155046157,0.05347071092194569,595.019900704866,0.9762458035813435,0.9,-0.2370452293161797,0.3439866511600711,False
LAT,LCN,368,160,0.11367028247240726,-0.06258337886373014,0.1762536613361374,320.12921235453985,2.8472983231955036,0.9,-0.15348559593976757,0.5059929186120424,False
LAT,LCS,368,86,0.11367028247240726,0.13427155696613866,-0.020601274493731392,124.10895901118212,0.24381283195929213,0.9,-0.4772460444648557,0.4360434954773929,False
LAT,LDS,368,87,0.11367028247240726,0.16519137399324457,-0.05152109152083731,127.80803645779129,0.6230076441435883,0.9,-0.4981408818847908,0.3950986988431162,False
LAT,LEC,368,174,0.11367028247240726,0.0982592723335203,0.01541101013888696,349.4127533580326,0.25105506344335976,0.9,-0.31132135130930977,0.3421433715870837,False
LAT,LFA,368,138,0.11367028247240726,0.02878708228705744,0.08488320018534982,249.86643222936328,1.26303348989048,0.9,-0.2740354809307213,0.44380188130142095,False
LAT,LFB,368,131,0.11367028247240726,-0.07480022920394803,0.1884705116763553,222.27818532339327,2.651440986001977,0.9,-0.19170560674128806,0.5686466300939987,False
LAT,LFP,368,343,0.11367028247240726,-0.032261941928111215,0.14593222440051848,699.6131924648113,2.784973893230887,0.9,-0.13179597593553974,0.4236604247365767,False
LAT,LHR,368,178,0.11367028247240726,-0.1310047931792722,0.24467507565167945,318.1079777807323,3.642862871581949,0.6745062221029372,-0.11312284325513272,0.6024729945584917,False
LAT,LIC,368,222,0.11367028247240726,0.021469345692512604,0.09220093677989466,454.5061111011056,1.560609763988847,0.9,-0.22164895189224676,0.4060508254520361,False
LAT,LII,368,361,0.11367028247240726,0.18254949359558295,-0.06887921112317569,708.9970919186724,1.4821214523515809,0.9,-0.31518233840481313,0.17742391615846173,False
LAT,LIM,368,201,0.11367028247240726,-0.0041591995166991086,0.11782948198910637,382.612001054273,1.862965330026255,0.9,-0.21857424130928138,0.4542332052874941,False
LAT,LIN,368,64,0.11367028247240726,0.04254897173690638,0.07112131073550088,86.25889978953629,0.7689918257055343,0.9,-0.433839907848823,0.5760825293198247,False
LAT,LIS,368,271,0.11367028247240726,-0.00518103127124314,0.1188513137436504,551.0146281837054,2.06458789115703,0.9,-0.18661012778427863,0.4243127552715794,False
LAT,LIY,368,34,0.11367028247240726,-0.201574093566915,0.31524437603932226,36.71142967503283,2.0237481940741437,0.9,-0.5737741144013351,1.2042628664799797,False
LAT,LMK,368,350,0.11367028247240726,-0.08023953099503012,0.19390981346743738,710.4335361896068,3.7349299931749522,0.6312579388953414,-0.08124632548788871,0.4690659524227635,False
LAT,LMT,368,320,0.11367028247240726,0.14586794085488472,-0.032197658382477456,682.5725996114585,0.6405640282617605,0.9,-0.2986365240052364,0.23424120724028147,False
LAT,LNA,368,53,0.11367028247240726,0.049853923511436075,0.06381635896097118,66.51131736454803,0.6140826280549763,0.9,-0.5092084052511234,0.6368411231730657,False
LAT,LNI,368,550,0.11367028247240726,0.08948634996746929,0.02418393250493797,740.5479390277501,0.5441843306232312,0.9,-0.21130423349411476,0.2596720985039907,False
LAT,LNM,368,249,0.11367028247240726,0.1897160793622633,-0.07604579688985605,543.930052861288,1.3861599745984283,0.9,-0.3671698152956445,0.2150782215159324,False
LAT,LPM,368,30,0.11367028247240726,-0.6306420084823933,0.7443122909548006,31.338482860841097,4.088711074294961,0.48965783928582496,-0.30813744176019475,1.7967620236697959,False
LAT,LQI,368,151,0.11367028247240726,0.051276834171544314,0.06239344830086295,261.5206096664427,0.8976929834938282,0.9,-0.30860527634710727,0.4333921729488332,False
LAT,LRT,368,96,0.11367028247240726,-0.010004075565431883,0.12367435803783915,139.7434647718298,1.4793817684057826,0.9,-0.3269350004426963,0.5742837165183746,False
LBC,LBI,118,152,0.16834546284365012,-0.013095203529201046,0.18144066637285117,267.3692511625369,2.3175031094271006,0.9,-0.23635951979620273,0.5992408525419051,False
LBC,LBM,118,199,0.16834546284365012,0.24645212254046922,-0.0781066596968191,261.70140597664334,1.128552732615151,0.9,-0.4475297955822529,0.2913164761886148,False
LBC,LBN,118,281,0.16834546284365012,0.06019957155046157,0.10814589129318855,263.59438187876566,1.6012908464003142,0.9,-0.2523186959716843,0.46861047855806137,False
LBC,LCN,118,160,0.16834546284365012,-0.06258337886373014,0.23092884170738026,265.2167541857363,3.144545969511479,0.9,-0.16100553960519232,0.6228632230199529,False
LBC,LCS,118,86,0.16834546284365012,0.13427155696613866,0.03407390587751147,159.539866250981,0.3652921900551892,0.9,-0.46740940383072305,0.535557215585746,False
LBC,LDS,118,87,0.16834546284365012,0.16519137399324457,0.003154088850405551,164.19655275418464,0.03441369973084109,0.9,-0.48932951950800974,0.4956376972088208,False
LBC,LEC,118,174,0.16834546284365012,0.0982592723335203,0.07008619051012982,271.9545302138399,0.9600510998883623,0.9,-0.31941769133027353,0.4595900723505332,False
LBC,LFA,118,138,0.16834546284365012,0.02878708228705744,0.1395583805565927,253.98411099008825,1.7901105194386036,0.9,-0.2767185599040183,0.5558353210172037,False
LBC,LFB,118,131,0.16834546284365012,-0.07480022920394803,0.24314569204759817,244.8520143613664,2.98975837178049,0.9,-0.19128888128450622,0.6775802653797025,False
LBC,LFP,118,343,0.16834546284365012,-0.032261941928111215,0.20060740477176134,248.73772666508643,3.056746142330552,0.9,-0.14990224120115822,0.5511170507446809,False
LBC,LHR,118,178,0.16834546284365012,-0.1310047931792722,0.2993502560229223,288.5886048527124,3.8414635620383377,0.5814099357115301,-0.11616356476562917,0.7148640768114738,False
LBC,LIC,118,222,0.16834546284365012,0.021469345692512604,0.14687611715113752,281.65362745263855,2.066483012186017,0.9,-0.23220405154217988,0.5259562858444549,False
LBC,LII,118,361,0.16834546284365012,0.18254949359558295,-0.014204030751932828,196.73137157041555,0.23285188408227145,0.9,-0.3410175274068236,0.31260946590295796,False
LBC,LIM,118,201,0.16834546284365012,-0.0041591995166991086,0.17250466236034923,292.838026313563,2.3131324050041226,0.9,-0.22508817743352555,0.5700975021542241,False
LBC,LIN,118,64,0.16834546284365012,0.04254897173690638,0.12579649110674374,112.18294750381042,1.2507934968469658,0.9,-0.41908632541360624,0.6706793076270937,False
LBC,LIS,118,271,0.16834546284365012,-0.00518103127124314,0.17352649411489326,283.8494342400094,2.485254166881964,0.9,-0.19884083109735337,0.5458938193271399,False
LBC,LIY,118,34,0.16834546284365012,-0.201574093566915,0.3699195564105651,41.422785511937306,2.301843879246062,0.9,-0.5393616851875012,1.2792007980086313,False
LBC,LMK,118,350,0.16834546284365012,-0.08023953099503012,0.24858499383868024,244.76721640708496,3.810104578098352,0.5962366002732973,-0.09993982568812446,0.597109813365485,False
LBC,LMT,118,320,0.16834546284365012,0.14586794085488472,0.022477521988765403,228.42367376839744,0.3515641100742881,0.9,-0.3193545703505793,0.3643096143281101,False
LBC,LNA,118,53,0.16834546284365012,0.049853923511436075,0.11849153933221404,84.07294014626896,1.0657659122773555,0.9,-0.4890588594939437,0.7260419381583717,False
LBC,LNI,118,550,0.16834546284365012,0.08948634996746929,0.07885911287618083,181.05113991643887,1.3261155913685796,0.9,-0.24014702106364047,0.3978652468160021,False
LBC,LNM,118,249,0.16834546284365012,0.1897160793622633,-0.02137061651861319,259.69418565220485,0.3160918156613891,0.9,-0.3822810481026804,0.33953981506545394,False
LBC,LPM,118,30,0.16834546284365012,-0.6306420084823933,0.7989874713260434,34.29847102835545,4.289182297434754,0.4003113961929142,-0.2698077411101909,1.8677826837622777,False
LBC,LQI,118,151,0.16834546284365012,0.051276834171544314,0.11706862867210581,266.9864608933952,1.4642624834984481,0.9,-0.30959220212870797,0.5437294594729196,False
LBC,LRT,118,96,0.16834546284365012,-0.010004075565431883,0.17834953840908202,176.86785731712894,1.9288080366749591,0.9,-0.3178743557654703,0.6745734325836343,False
LBI,LBM,152,199,-0.013095203529201046,0.24645212254046922,-0.2595473260696703,302.4476390593455,3.5745147420932577,0.7065057538744918,-0.6465364829790039,0.12744183083966337,False
LBI,LBN,152,281,-0.013095203529201046,0.06019957155046157,-0.07329477507966262,305.8754326589575,1.0320623354233263,0.9,-0.45175389944443123,0.30516434928510594,False
LBI,LCN,152,160,-0.013095203529201046,-0.06258337886373014,0.049488175334529094,303.0716776712726,0.6456260995386018,0.9,-0.3590296180575783,0.4580059687266365,False
LBI,LCS,152,86,-0.013095203529201046,0.13427155696613866,-0.1473667604953397,176.14566184036215,1.537809621940338,0.9,-0.6616722159307489,0.3669386949400695,False
LBI,LDS,152,87,-0.013095203529201046,0.16519137399324457,-0.17828657752244562,181.8019250856106,1.8917018486777175,0.9,-0.6838381542950869,0.3272649992501957,False
LBI,LEC,152,174,-0.013095203529201046,0.0982592723335203,-0.11135447586272135,310.803000163008,1.4606841271262303,0.9,-0.5175516453871775,0.29484269366173477,False
LBI,LFA,152,138,-0.013095203529201046,0.02878708228705744,-0.04188228581625848,287.52177702472596,0.5170967732852455,0.9,-0.4737766713235126,0.39001209969099565,False
LBI,LFB,152,131,-0.013095203529201046,-0.07480022920394803,0.06170502567474699,275.33842476342807,0.7324963161922703,0.9,-0.38769281476451195,0.5111028661140059,False
LBI,LFP,152,343,-0.013095203529201046,-0.032261941928111215,0.01916673839891017,291.0388712071682,0.2769562437673911,0.9,-0.3498127979546446,0.388146274752465,False
LBI,LHR,152,178,-0.013095203529201046,-0.1310047931792722,0.11790958965007114,325.46507366605596,1.4563626510100887,0.9,-0.31329112731393965,0.5491103066140819,False
LBI,LIC,152,222,-0.013095203529201046,0.021469345692512604,-0.03456454922171365,322.9099643954917,0.46463297070119686,0.9,-0.4307986929758407,0.36166959453241343,False
LBI,LII,152,361,-0.013095203529201046,0.18254949359558295,-0.195644697124784,236.78829371301654,3.017658442177744,0.9,-0.5421177907194764,0.15082839646990842,False
LBI,LIM,152,201,-0.013095203529201046,-0.0041591995166991086,-0.008936004012501938,332.5000230631201,0.11494327744953028,0.9,-0.4229131551136578,0.4050411470886539,False
LBI,LIN,152,64,-0.013095203529201046,0.04254897173690638,-0.055644175266107425,122.56742286486187,0.5405323847667003,0.9,-0.6121464474966354,0.5008580969644205,False
LBI,LIS,152,271,-0.013095203529201046,-0.00518103127124314,-0.007914172257957906,326.2884613440482,0.10812465411408631,0.9,-0.397740093498998,0.38191174898308217,False
LBI,LIY,152,34,-0.013095203529201046,-0.201574093566915,0.18847889003771395,42.97311235842598,1.1620193442843727,0.9,-0.7270147589959872,1.103972539071415,False
LBI,LMK,152,350,-0.013095203529201046,-0.08023953099503012,0.06714432746582907,286.9604011688472,0.9753572742122419,0.9,-0.299946317436558,0.43423497236821607,False
LBI,LMT,152,320,-0.013095203529201046,0.14586794085488472,-0.15896314438408576,269.88249531734016,2.3514376964434196,0.9,-0.5196852481478222,0.20175895937965072,False
LBI,LNA,152,53,-0.013095203529201046,0.049853923511436075,-0.06294912704063713,90.55092784794479,0.5554593763935782,0.9,-0.6807234779262501,0.5548252238449758,False
LBI,LNI,152,550,-0.013095203529201046,0.08948634996746929,-0.10258155349667034,220.2991409149876,1.618208098584239,0.9,-0.4416675467688749,0.23650443977553418,False
LBI,LNM,152,249,-0.013095203529201046,0.1897160793622633,-0.20281128289146436,301.518342912229,2.853023557534719,0.9,-0.5816890578718076,0.1760664920888789,False
LBI,LPM,152,30,-0.013095203529201046,-0.6306420084823933,0.6175468049531923,35.25431859947683,3.292357038349082,0.813833624265577,-0.45629547135767345,1.691389081264058,False
LBI,LQI,152,151,-0.013095203529201046,0.051276834171544314,-0.06437203770074536,300.4821454418973,0.7763890530665132,0.9,-0.5062932724119522,0.37754919701046147,False
LBI,LRT,152,96,-0.013095203529201046,-0.010004075565431883,-0.0030911279637691625,195.3834465948543,0.03252500720112576,0.9,-0.5123192547853812,0.5061369988578428,False
LBM,LBN,199,281,0.24645212254046922,0.06019957155046157,0.18625255099000765,452.6155861652616,3.0603438720691942,0.9,-0.13706164124510167,0.509566743225117,False
LBM,LCN,199,160,0.24645212254046922,-0.06258337886373014,0.30903550140419933,336.9899299910646,4.588582577890607,0.22107099933732177,-0.04955193416834547,0.6676229369767441,False
LBM,LCS,199,86,0.24645212254046922,0.13427155696613866,0.11218056557433057,144.4500191985345,1.2666585080152402,0.9,-0.3648690215902549,0.5892301527389161,False
LBM,LDS,199,87,0.24645212254046922,0.16519137399324457,0.08126074854722465,149.28066917561145,0.935649385953194,0.9,-0.3862473766044125,0.5487688736988618,False
LBM,LEC,199,174,0.24645212254046922,0.0982592723335203,0.14819285020694892,358.27901822205547,2.216006533112163,0.9,-0.2076804871775442,0.5040661875914421,False
LBM,LFA,199,138,0.24645212254046922,0.02878708228705744,0.21766504025341177,281.47385944768877,3.0125052648893385,0.9,-0.16770281818838567,0.6030328986952092,False
LBM,LFB,199,131,0.24645212254046922,-0.07480022920394803,0.32125235174441724,254.839147172402,4.234089452150691,0.3862095338874143,-0.08386018419043956,0.7263648876792741,False
LBM,LFP,199,343,0.24645212254046922,-0.032261941928111215,0.27871406446858044,458.3892306016943,4.745323298792105,0.1654441520844987,-0.03328271142137468,0.5907108403585355,False
LBM,LHR,199,178,0.24645212254046922,-0.1310047931792722,0.3774569157197414,343.5825437548219,5.226746241050118,0.06268209305201822,-0.006982800710088777,0.7618966321495715,False
LBM,LIC,199,222,0.24645212254046922,0.021469345692512604,0.22498277684795662,418.97629398181823,3.473856194854079,0.7543767515067641,-0.11925454668983451,0.5692201003857478,False
LBM,LII,199,361,0.24645212254046922,0.18254949359558295,0.06390262894488627,376.80460415979445,1.1941246664592162,0.9,-0.2207612233016593,0.34856648119143185,False
LBM,LIM,199,201,0.24645212254046922,-0.0041591995166991086,0.25061132205716835,388.18563733603537,3.6538523656645814,0.6694710312422348,-0.11415366960482198,0.6153763137191587,False
LBM,LIN,199,64,0.24645212254046922,0.04254897173690638,0.20390315080356283,99.26466837428751,2.119198263759443,0.9,-0.3191307535349104,0.726937055142036,False
LBM,LIS,199,271,0.24645212254046922,-0.00518103127124314,0.25163315381171236,459.7160370933384,3.96979324610316,0.520404566901231,-0.08507134051787851,0.5883376481413032,False
LBM,LIY,199,34,0.24645212254046922,-0.201574093566915,0.44802621610738425,38.835749420998795,2.8353207911596474,0.9,-0.45006376132250847,1.346116193537277,False
LBM,LMK,199,350,0.24645212254046922,-0.08023953099503012,0.32669165353549934,454.7454083375663,5.60315683974994,0.024611202562442536,0.016960608294747548,0.6364226987762511,True
LBM,LMT,199,320,0.24645212254046922,0.14586794085488472,0.1005841816855845,425.31424528829274,1.7696753587960201,0.9,-0.2014881496334697,0.40265651300463867,False
LBM,LNA,199,53,0.24645212254046922,0.049853923511436075,0.19659819902903314,74.81732430553994,1.8329958309126222,0.9,-0.3919888732826999,0.7851852713407661,False
LBM,LNI,199,550,0.24645212254046922,0.08948634996746929,0.15696577257299993,350.8968658436365,3.03264152898583,0.9,-0.11851950742763073,0.4324510525736306,False
LBM,LNM,199,249,0.24645212254046922,0.1897160793622633,0.05673604317820591,433.16079012706933,0.9310131101482331,0.9,-0.267098694560506,0.3805707809169178,False
LBM,LPM,199,30,0.24645212254046922,-0.6306420084823933,0.8770941310228625,32.669962112121866,4.767741829459183,0.22478573750892594,-0.1826672880531125,1.9368555500988376,False
LBM,LQI,199,151,0.24645212254046922,0.051276834171544314,0.1951752883689249,293.37174441008403,2.6234493835131674,0.9,-0.2014518251911699,0.5918024019290197,False
LBM,LRT,199,96,0.24645212254046922,-0.010004075565431883,0.2564561981059011,162.26474920065849,2.9239698251786037,0.9,-0.21493516267841994,0.7278475588902221,False
LBN,LCN,281,160,0.06019957155046157,-0.06258337886373014,0.12278295041419171,354.6560094208557,1.8708786627027076,0.9,-0.22649263917431514,0.47205854000269853,False
LBN,LCS,281,86,0.06019957155046157,0.13427155696613866,-0.07407198541567708,139.00112848493717,0.8488349276927679,0.9,-0.5444856645154572,0.3963416936841031,False
LBN,LDS,281,87,0.06019957155046157,0.16519137399324457,-0.104991802442783,143.65947397617498,1.2276521189748153,0.9,-0.5657083266538028,0.35572472176823683,False
LBN,LEC,281,174,0.06019957155046157,0.0982592723335203,-0.03805970078305873,382.48219157782216,0.5842665233100957,0.9,-0.3845308705864219,0.30841146902030436,False
LBN,LFA,281,138,0.06019957155046157,0.02878708228705744,0.031412489263404134,282.8961973224358,0.44460195446419243,0.9,-0.3453978028231411,0.4082227813499493,False
LBN,LFB,281,131,0.06019957155046157,-0.07480022920394803,0.1349998007544096,251.92972583532483,1.815733171972415,0.9,-0.26203484385260134,0.5320344453614205,False
LBN,LFP,281,343,0.06019957155046157,-0.032261941928111215,0.09246151347857279,602.5860004820194,1.6291727673472303,0.9,-0.2085477784860834,0.393470805443229,False
LBN,LHR,281,178,0.06019957155046157,-0.1310047931792722,0.19120436472973376,353.11017285440516,2.707709219640014,0.9,-0.18462213027155397,0.5670308597310215,False
LBN,LIC,281,222,0.06019957155046157,0.021469345692512604,0.03873022585794897,473.03457676432714,0.6150221614549215,0.9,-0.29571849312360454,0.37317894483950254,False
LBN,LII,281,361,0.06019957155046157,0.18254949359558295,-0.12234992204512138,533.2759320827502,2.3834861525627713,0.9,-0.3947796260857249,0.15007978199548214,False
LBN,LIM,281,201,0.06019957155046157,-0.0041591995166991086,0.06435877106716067,415.0095943547037,0.9620170206746811,0.9,-0.29125190273796164,0.41996944487228294,False
LBN,LIN,281,64,0.06019957155046157,0.04254897173690638,0.01765059981355519,95.38569135100241,0.18575490300453978,0.9,-0.49949213657815483,0.5347933362052653,False
LBN,LIS,281,271,0.06019957155046157,-0.00518103127124314,0.06538060282170471,544.4397790302627,1.0621312802356628,0.9,-0.2612709182614041,0.3920321239048135,False
LBN,LIY,281,34,0.06019957155046157,-0.201574093566915,0.26177366511737654,38.148182285715905,1.6642683320702618,0.9,-0.6333496021490729,1.1568969323838258,False
LBN,LMK,281,350,0.06019957155046157,-0.08023953099503012,0.1404391025454917,603.1614038775073,2.4940789873504854,0.9,-0.1582104386156848,0.43908864370666817,False
LBN,LMT,281,320,0.06019957155046157,0.14586794085488472,-0.08566836930442315,570.5513185470733,1.5636253811393335,0.9,-0.3763339918210066,0.2049972532121603,False
LBN,LNA,281,53,0.06019957155046157,0.049853923511436075,0.010345648039025497,72.2283984905009,0.09743193405514987,0.9,-0.5731606031887003,0.5938518992667513,False
LBN,LNI,281,550,0.06019957155046157,0.08948634996746929,-0.02928677841700772,512.774303230504,0.5916570637270658,0.9,-0.29204802237975924,0.2334744655457438,False
LBN,LNM,281,249,0.06019957155046157,0.1897160793622633,-0.12951650781180174,525.8780241755413,2.193954861352475,0.9,-0.4428412867839961,0.1838082711603926,False
LBN,LPM,281,30,0.06019957155046157,-0.6306420084823933,0.6908415800328549,32.237831315368645,3.7680597784014473,0.619062581647573,-0.3665290816461826,1.7482122417118924,False
LBN,LQI,281,151,0.06019957155046157,0.051276834171544314,0.008922737378917259,294.2661413766541,0.12249310812253503,0.9,-0.3794095095828373,0.3972549843406718,False
LBN,LRT,281,96,0.06019957155046157,-0.010004075565431883,0.07020364711589346,156.51053287972493,0.812596002966233,0.9,-0.3944335075699072,0.5348408018016941,False
LCN,LCS,160,86,-0.06258337886373014,0.13427155696613866,-0.1968549358298688,159.29318201585178,2.1419085577267265,0.9,-0.6909751902134336,0.29726531855369603,False
LCN,LDS,160,87,-0.06258337886373014,0.16519137399324457,-0.2277747528569747,164.60913072313875,2.5236736687548436,0.9,-0.7127306233506417,0.25718111763669227,False
LCN,LEC,160,174,-0.06258337886373014,0.0982592723335203,-0.16084265119725044,331.0067564759181,2.2577285235084514,0.9,-0.5402130839333974,0.21852778153889646,False
LCN,LFA,160,138,-0.06258337886373014,0.02878708228705744,-0.09137046115078758,285.43006869328127,1.1973015300209207,0.9,-0.4983325009765033,0.31559157867492815,False
LCN,LFB,160,131,-0.06258337886373014,-0.07480022920394803,0.012216850340217897,266.03798677468563,0.15319196264161633,0.9,-0.4133830578583632,0.43781675853879903,False
LCN,LFP,160,343,-0.06258337886373014,-0.032261941928111215,-0.030321436935618923,342.50446806670203,0.47628509079755876,0.9,-0.3692333305297847,0.3085904566585468,False
LCN,LHR,160,178,-0.06258337886373014,-0.1310047931792722,0.06842141431554205,334.6599345361022,0.8969977640317554,0.9,-0.3377341503081929,0.474576978939277,False
LCN,LIC,160,222,-0.06258337886373014,0.021469345692512604,-0.08405272455624274,359.7095677460504,1.2134990597355877,0.9,-0.45263746934358556,0.2845320202311001,False
LCN,LII,160,361,-0.06258337886373014,0.18254949359558295,-0.2451328724593131,274.66133363024954,4.16321751795144,0.4246099389801218,-0.559255912516663,0.06899016759803678,False
LCN,LIM,160,201,-0.06258337886373014,-0.0041591995166991086,-0.05842417934703103,356.5435285269338,0.8019501375640808,0.9,-0.4461296323034545,0.3292812736093924,False
LCN,LIN,160,64,-0.06258337886373014,0.04254897173690638,-0.10513235060063653,109.82269932114723,1.0587130284629074,0.9,-0.6434259719141942,0.4331612707129211,False
LCN,LIS,160,271,-0.06258337886373014,-0.00518103127124314,-0.057402347592486996,373.8957287150306,0.8444200751869995,0.9,-0.41902935041465006,0.3042246552296761,False
LCN,LIY,160,34,-0.06258337886373014,-0.201574093566915,0.13899071470318486,40.67892422607068,0.8691634536440963,0.9,-0.7669254431065364,1.0449068725129063,False
LCN,LMK,160,350,-0.06258337886373014,-0.08023953099503012,0.01765615213129998,337.9296896073691,0.279076776664718,0.9,-0.3191864673611745,0.3544987716237745,False
LCN,LMT,160,320,-0.06258337886373014,0.14586794085488472,-0.20845131971861486,315.83409199218505,3.366641711097559,0.8041061808967217,-0.5383097883289363,0.1214071488917065,False
LCN,LNA,160,53,-0.06258337886373014,0.049853923511436075,-0.11243730237516622,81.85073354271131,1.021869316165731,0.9,-0.7142692733864646,0.4893946686361321,False
LCN,LNI,160,550,-0.06258337886373014,0.08948634996746929,-0.15206972883119943,253.76960436934664,2.654391602298418,0.9,-0.45797594849569034,0.15383649083329146,False
LCN,LNM,160,249,-0.06258337886373014,0.1897160793622633,-0.2522994582259934,346.1499223445676,3.8400115829662784,0.5819044627148205,-0.602041944009642,0.0974430275576551,False
LCN,LPM,160,30,-0.06258337886373014,-0.6306420084823933,0.5680586296186632,33.82362755438155,3.0607206802493465,0.9,-0.49802336592891083,1.6341406251662371,False
LCN,LQI,160,151,-0.06258337886373014,0.051276834171544314,-0.11386021303527445,298.01846449269004,1.453312297975084,0.9,-0.5314744323096693,0.30375400623912036,False
LCN,LRT,160,96,-0.06258337886373014,-0.010004075565431883,-0.052579303298298255,177.97323349220346,0.5772757347185258,0.9,-0.5413234339367353,0.4361648273401388,False
LCS,LDS,86,87,0.13427155696613866,0.16519137399324457,-0.030919817027105917,170.82389843195708,0.2889102008249759,0.9,-0.6055958067550204,0.5437561727008087,False
LCS,LEC,86,174,0.13427155696613866,0.0982592723335203,0.03601228463261835,158.75167546201328,0.39332394606936644,0.9,-0.4562706074549368,0.5282951767201736,False
LCS,LFA,86,138,0.13427155696613866,0.02878708228705744,0.10548447467908122,172.3966115956126,1.1038671893464385,0.9,-0.4075574455538286,0.618526394911991,False
LCS,LFB,86,131,0.13427155696613866,-0.07480022920394803,0.2090717861700867,180.81634128133052,2.1263567572825774,0.9,-0.3183972251634446,0.736540797503618,False
LCS,LFP,86,343,0.13427155696613866,-0.032261941928111215,0.16653349889424987,131.24385295378508,1.9410803664149094,0.9,-0.29653516446787775,0.6296021622563774,False
LCS,LHR,86,178,0.13427155696613866,-0.1310047931792722,0.26527635014541084,178.72088112444456,2.7768688025044383,0.9,-0.24730559760160353,0.7778582978924252,False
LCS,LIC,86,222,0.13427155696613866,0.021469345692512604,0.11280221127362605,153.19581962791844,1.252943384840055,0.9,-0.371582603977297,0.5971870265245491,False
LCS,LII,86,361,0.13427155696613866,0.18254949359558295,-0.048277936629444296,112.32134953273001,0.5865489376965312,0.9,-0.49419165275810467,0.3976357794992161,False
LCS,LIM,86,201,0.13427155696613866,-0.0041591995166991086,0.13843075648283776,167.22015315107055,1.491414691999172,0.9,-0.36015917690023075,0.6370206898659063,False
LCS,LIN,86,64,0.13427155696613866,0.04254897173690638,0.09172258522923227,138.70214570548868,0.799292483665778,0.9,-0.5269194012054348,0.7103645716638993,False
LCS,LIS,86,271,0.13427155696613866,-0.00518103127124314,0.1394525882373818,148.9834750777559,1.566110188056177,0.9,-0.3398863277003856,0.6187915041751493,False
LCS,LIY,86,34,0.13427155696613866,-0.201574093566915,0.33584565053305365,50.73170916231259,1.9762470488718764,0.9,-0.6137676272264385,1.2854589282925457,False
LCS,LMK,86,350,0.13427155696613866,-0.08023953099503012,0.21451108796116877,129.62961447779315,2.5088799175087644,0.9,-0.24710098369453,0.6761231596168675,False
LCS,LMT,86,320,0.13427155696613866,0.14586794085488472,-0.011596383888746065,123.97037706832677,0.13722397518352794,0.9,-0.4683110138492354,0.4451182460717433,False
LCS,LNA,86,53,0.13427155696613866,0.049853923511436075,0.08441763345470257,110.22794421922494,0.6799350206077388,0.9,-0.5885354513547211,0.7573707182641262,False
LCS,LNI,86,550,0.13427155696613866,0.08948634996746929,0.044785206998669363,106.61947166677464,0.5516908590291786,0.9,-0.3956111931883195,0.4851816071856583,False
LCS,LNM,86,249,0.13427155696613866,0.1897160793622633,-0.05544452239612466,138.848823452911,0.6349650993025834,0.9,-0.5261703003948452,0.415281255602596,False
LCS,LPM,86,30,0.13427155696613866,-0.6306420084823933,0.764913565448532,40.2132518294272,3.9366992558369165,0.5478205100473086,-0.33670109025681527,1.8665282211538792,False
LCS,LQI,86,151,0.13427155696613866,0.051276834171544314,0.08299472279459434,181.6141064103623,0.8539500023048221,0.9,-0.4383497590006928,0.6043392045898814,False
LCS,LRT,86,96,0.13427155696613866,-0.010004075565431883,0.14427563253157055,179.15531686026196,1.3393552479623907,0.9,-0.4336874254616136,0.7222386905247546,False
LDS,LEC,87,174,0.16519137399324457,0.0982592723335203,0.06693210165972427,164.17293841013915,0.7445059098760665,0.9,-0.4161452171102402,0.5500094204296888,False
LDS,LFA,87,138,0.16519137399324457,0.02878708228705744,0.13640429170618712,177.6777285496035,1.4515397285564315,0.9,-0.36786325996287955,0.6406718433752538,False
LDS,LFB,87,131,0.16519137399324457,-0.07480022920394803,0.2399916031971926,185.84157898620367,2.4797029023197656,0.9,-0.2789802021882014,0.7589634085825866,False
LDS,LFP,87,343,0.16519137399324457,-0.032261941928111215,0.1974533159213558,135.42881701385195,2.3499878114534827,0.9,-0.2557449547126707,0.6506515865553824,False
LDS,LHR,87,178,0.16519137399324457,-0.1310047931792722,0.29619616717251673,184.90357326812583,3.1529221918297443,0.9,-0.20759237718993084,0.7999847115349643,False
LDS,LIC,87,222,0.16519137399324457,0.021469345692512604,0.14372202830073197,158.59936653836732,1.626852348304677,0.9,-0.3312820461803029,0.6187261027817669,False
LDS,LII,87,361,0.16519137399324457,0.18254949359558295,-0.01735811960233838,115.19431482181332,0.21573426070915805,0.9,-0.45298088949283244,0.4182646502881556,False
LDS,LIM,87,201,0.16519137399324457,-0.0041591995166991086,0.16935057350994367,173.2254877897982,1.8572430923036705,0.9,-0.32016190742018324,0.6588630544400707,False
LDS,LIN,87,64,0.16519137399324457,0.04254897173690638,0.12264240225633818,137.35870051834206,1.0811529392978383,0.9,-0.4890197721211855,0.7343045766338618,False
LDS,LIS,87,271,0.16519137399324457,-0.00518103127124314,0.17037240526448771,154.26693748464507,1.950708429299136,0.9,-0.29947166365568495,0.6402164741846603,False
LDS,LIY,87,34,0.16519137399324457,-0.201574093566915,0.3667654675601596,49.81623494180206,2.169517910606542,0.9,-0.5788590909826367,1.312390026102956,False
LDS,LMK,87,350,0.16519137399324457,-0.08023953099503012,0.2454309049882747,133.70641073448087,2.9314485400306323,0.9,-0.20627603223710067,0.69713784221365,False
LDS,LMT,87,320,0.16519137399324457,0.14586794085488472,0.019323433138359852,127.64281855324995,0.2336335078535967,0.9,-0.4273686378490348,0.46601550412575443,False
LDS,LNA,87,53,0.16519137399324457,0.049853923511436075,0.11533745048180849,108.2165973496569,0.9381739771313571,0.9,-0.5513433797321701,0.7820182806957869,False
LDS,LNI,87,550,0.16519137399324457,0.08948634996746929,0.07570502402577528,109.10512233447174,0.95461858419244,0.9,-0.3542581136039143,0.5056681616554648,False
LDS,LNM,87,249,0.16519137399324457,0.1897160793622633,-0.02452470536901874,143.45418919643973,0.28657232761001156,0.9,-0.48556181504954665,0.4365124043115092,False
LDS,LPM,87,30,0.16519137399324457,-0.6306420084823933,0.7958333824756378,39.625151038696664,4.112243814107328,0.47473133227700537,-0.302516141052775,1.8941829060040507,False
LDS,LQI,87,151,0.16519137399324457,0.051276834171544314,0.11391453982170026,187.30659399148752,1.191208695389481,0.9,-0.39881118366533913,0.6266402633087397,False
LDS,LRT,87,96,0.16519137399324457,-0.010004075565431883,0.17519544955867644,180.75907551546422,1.6478902194232843,0.9,-0.395145332383759,0.7455362315011118,False
LEC,LFA,174,138,0.0982592723335203,0.02878708228705744,0.06947219004646286,292.07205382059146,0.9153745624621072,0.9,-0.3351612968250854,0.47410567691801114,False
LEC,LFB,174,131,0.0982592723335203,-0.07480022920394803,0.17305950153746835,270.02087418182197,2.1810208734166183,0.9,-0.2503328270923448,0.5964518301672814,False
LEC,LFP,174,343,0.0982592723335203,-0.032261941928111215,0.13052121426163152,372.43382992140664,2.066527098174402,0.9,-0.20548183015943441,0.4665242586826974,False
LEC,LHR,174,178,0.0982592723335203,-0.1310047931792722,0.2292640655127925,345.2167566531796,3.0222310566640633,0.9,-0.1745513958880902,0.6330795269136752,False
LEC,LIC,174,222,0.0982592723335203,0.021469345692512604,0.0767899266410077,381.3895905466059,1.1160835107768134,0.9,-0.28916694342758364,0.44274679670959904,False
LEC,LII,174,361,0.0982592723335203,0.18254949359558295,-0.08429022126206265,300.57996527367055,1.4448902228301945,0.9,-0.395224047906538,0.22664360538241268,False
LEC,LIM,174,201,0.0982592723335203,-0.0041591995166991086,0.1024184718502194,372.70420951648305,1.4143505620088215,0.9,-0.282813157525482,0.4876501012259208,False
LEC,LIN,174,64,0.0982592723335203,0.04254897173690638,0.05571030059661392,109.05151746997142,0.5628410901807313,0.9,-0.48094049387496834,0.5923610950681962,False
LEC,LIS,174,271,0.0982592723335203,-0.00518103127124314,0.10344030360476344,400.31264490671543,1.5322697227677913,0.9,-0.25549642286556706,0.4623770300750939,False
LEC,LIY,174,34,0.0982592723335203,-0.201574093566915,0.2998333659004353,40.48952956768412,1.8773171337038916,0.9,-0.6052440802464087,1.2049108120472793,False
LEC,LMK,174,350,0.0982592723335203,-0.08023953099503012,0.17849880332855042,367.833388938393,2.8441292376540663,0.9,-0.15541337519895923,0.51241098185606,False
LEC,LMT,174,320,0.0982592723335203,0.14586794085488472,-0.04760866852136442,344.0947361908932,0.7753889458793701,0.9,-0.3744621797035822,0.27924484266085337,False
LEC,LNA,174,53,0.0982592723335203,0.049853923511436075,0.04840534882208423,81.22826305434377,0.44108749140657405,0.9,-0.552001602110705,0.6488122997548735,False
LEC,LNI,174,550,0.0982592723335203,0.08948634996746929,0.008772922366051011,278.2990000976684,0.15464140078938954,0.9,-0.29383826571868066,0.3113841104507826,False
LEC,LNM,174,249,0.0982592723335203,0.1897160793622633,-0.09145680702874301,372.1601096342439,1.4023711057615562,0.9,-0.43840036199533916,0.2554867479378532,False
LEC,LPM,174,30,0.0982592723335203,-0.6306420084823933,0.7289012808159135,33.703571505112045,3.930986065252531,0.5523189245886047,-0.33650415885230756,1.7943067204841348,False
LEC,LQI,174,151,0.0982592723335203,0.051276834171544314,0.04698243816197599,304.45706419358055,0.6028227593987071,0.9,-0.368370515223506,0.462335391547458,False
LEC,LRT,174,96,0.0982592723335203,-0.010004075565431883,0.10826334789895219,177.6514099356649,1.19323246299449,0.9,-0.3786137749269568,0.5951404707248612,False
LFA,LFB,138,131,0.02878708228705744,-0.07480022920394803,0.10358731149100547,264.23208116824,1.2341795922003034,0.9,-0.3443727521101495,0.5515473750921605,False
LFA,LFP,138,343,0.02878708228705744,-0.032261941928111215,0.061049024215168654,268.0520319260001,0.8869458476753237,0.9,-0.3062533731092899,0.42835142153962724,False
LFA,LHR,138,178,0.02878708228705744,-0.1310047931792722,0.1597918754663296,308.8388580001011,1.9814978238340708,0.9,-0.26991551277964687,0.5894992637123061,False
LFA,LIC,138,222,0.02878708228705744,0.021469345692512604,0.007317736594544835,301.2726223467244,0.09883092782397222,0.9,-0.38732102426263093,0.4019564974517206,False
LFA,LII,138,361,0.02878708228705744,0.18254949359558295,-0.15376241130852553,216.7071204682518,2.3863712747265042,0.9,-0.4984955970411838,0.19097077442413274,False
LFA,LIM,138,201,0.02878708228705744,-0.0041591995166991086,0.03294628180375655,312.8236600136021,0.42560920542064024,0.9,-0.379487572545512,0.4453801361530251,False
LFA,LIN,138,64,0.02878708228705744,0.04254897173690638,-0.013761889449848942,120.72657025810624,0.13401129951073498,0.9,-0.5691066451505967,0.5415828662508989,False
LFA,LIS,138,271,0.02878708228705744,-0.00518103127124314,0.03396811355830058,303.06706450453197,0.46633185470939464,0.9,-0.35424216043633433,0.4221783875529355,False
LFA,LIY,138,34,0.02878708228705744,-0.201574093566915,0.23036117585397242,42.791403704263594,1.4216307955565364,0.9,-0.6844867573473341,1.145209109055279,False
LFA,LMK,138,350,0.02878708228705744,-0.08023953099503012,0.10902661328208756,264.1255886539722,1.592456136468806,0.9,-0.25638141992089974,0.4744346464850749,False
LFA,LMT,138,320,0.02878708228705744,0.14586794085488472,-0.11708085856782728,248.03828410372347,1.7417747641929007,0.9,-0.4761026218975722,0.2419409047619176,False
LFA,LNA,138,53,0.02878708228705744,0.049853923511436075,-0.021066841224378637,89.58174119455367,0.1862676274510371,0.9,-0.6378096104153849,0.5956759279666276,False
LFA,LNI,138,550,0.02878708228705744,0.08948634996746929,-0.06069926768041185,201.16280773932417,0.9637373621749772,0.9,-0.39802559667693754,0.27662706131611386,False
LFA,LNM,138,249,0.02878708228705744,0.1897160793622633,-0.16092899707520586,279.15911897512706,2.275512954773475,0.9,-0.5381599319215813,0.21630193777116963,False
LFA,LPM,138,30,0.02878708228705744,-0.6306420084823933,0.6594290907694507,35.145916666698604,3.5182305193028927,0.7211139806636333,-0.413884755159043,1.7327429366979443,False
LFA,LQI,138,151,0.02878708228705744,0.051276834171544314,-0.022489751884486875,286.99983486940266,0.2722733340062591,0.9,-0.46294993818361757,0.4179704344146438,False
LFA,LRT,138,96,0.02878708228705744,-0.010004075565431883,0.03879115785248932,190.9040232997046,0.4093350461541029,0.9,-0.4691571785202062,0.5467394942251849,False
LFB,LFP,131,343,-0.07480022920394803,-0.032261941928111215,-0.04253828727583682,237.81912868902882,0.5857621681834584,0.9,-0.4306053839402207,0.3455288093885471,False
LFB,LHR,131,178,-0.07480022920394803,-0.1310047931792722,0.056204563975324154,291.22223360262313,0.669900073881695,0.9,-0.3911213053880828,0.5035304333387312,False
LFB,LIC,131,222,-0.07480022920394803,0.021469345692512604,-0.09626957489646064,272.3913934861649,1.2409300770443317,0.9,-0.5101814498186923,0.317642300025771,False
LFB,LII,131,361,-0.07480022920394803,0.18254949359558295,-0.257349722799531,194.90103491425123,3.758731028537609,0.6202714927231725,-0.6242190395847804,0.10951959398571848,False
LFB,LIM,131,201,-0.07480022920394803,-0.0041591995166991086,-0.07064102968724893,287.975261888091,0.8742907526670528,0.9,-0.5014781732719191,0.36019611389742123,False
LFB,LIN,131,64,-0.07480022920394803,0.04254897173690638,-0.11734920094085441,128.67329156900917,1.1147476545198207,0.9,-0.6857875164999208,0.4510891146182119,False
LFB,LIS,131,271,-0.07480022920394803,-0.00518103127124314,-0.0696191979327049,270.6376445498581,0.9108612433490533,0.9,-0.47744374055942596,0.3382053446940162,False
LFB,LIY,131,34,-0.07480022920394803,-0.201574093566915,0.12677386436296695,44.46486595904315,0.7744949150624463,0.9,-0.7950848456480197,1.0486325743739535,False
LFB,LMK,131,350,-0.07480022920394803,-0.08023953099503012,0.005439301791082082,234.40729977425093,0.07526003974778178,0.9,-0.38084316588154005,0.39172176946370424,False
LFB,LMT,131,320,-0.07480022920394803,0.14586794085488472,-0.22066817005883277,221.15186940964182,3.1038480675610494,0.9,-0.6009379900754389,0.15960164995777337,False
LFB,LNA,131,53,-0.07480022920394803,0.049853923511436075,-0.1246541527153841,95.51081618457857,1.0797668887542715,0.9,-0.752930595166706,0.5036222897359379,False
LFB,LNI,131,550,-0.07480022920394803,0.08948634996746929,-0.1642865791714173,181.95465635488227,2.4482360989999346,0.9,-0.5242367837204304,0.19566362537759574,False
LFB,LNM,131,249,-0.07480022920394803,0.1897160793622633,-0.26451630856621133,249.67367428494074,3.554581111048366,0.7154901188771965,-0.6619431152393129,0.13291049810689032,False
LFB,LPM,131,30,-0.07480022920394803,-0.6306420084823933,0.5558417792784452,36.192473776809344,2.9431940031165165,0.9,-0.5231634274010234,1.634846985957914,False
LFB,LQI,131,151,-0.07480022920394803,0.051276834171544314,-0.12607706337549235,277.12598375307874,1.4697116537302335,0.9,-0.5836811255232492,0.33152699877226455,False
LFB,LRT,131,96,-0.07480022920394803,-0.010004075565431883,-0.06479615363851615,198.75079271430383,0.6642103437455128,0.9,-0.5873679152453459,0.4577756079683137,False
LFP,LHR,343,178,-0.032261941928111215,-0.1310047931792722,0.09874285125116097,338.9598140068662,1.4353964788104148,0.9,-0.26750655926807343,0.46499226177039543,False
LFP,LIC,343,222,-0.032261941928111215,0.021469345692512604,-0.05373128762062382,476.6896282140667,0.8819690637968656,0.9,-0.377267834390574,0.2698052591493263,False
LFP,LII,343,361,-0.032261941928111215,0.18254949359558295,-0.21481143552369417,653.6899446927303,4.402458826918932,0.2952967594194317,-0.47350238269161615,0.04387951164422785,False
LFP,LIM,343,201,-0.032261941928111215,-0.0041591995166991086,-0.028102742411412106,405.7658887480163,0.4325349901973997,0.9,-0.37352292318962693,0.31731743836680276,False
LFP,LIN,343,64,-0.032261941928111215,0.04254897173690638,-0.0748109136650176,90.5510759867736,0.7986326505952586,0.9,-0.5854456305141601,0.43582380318412495,False
LFP,LIS,343,271,-0.032261941928111215,-0.00518103127124314,-0.027080910656868074,567.4121663886004,0.4554827666023805,0.9,-0.3425157543221845,0.28835393300844836,False
LFP,LIY,343,34,-0.032261941928111215,-0.201574093566915,0.16931215163880378,37.37840983705575,1.082002374603687,0.9,-0.7225398633765775,1.0611641666541851,False
LFP,LMK,343,350,-0.032261941928111215,-0.08023953099503012,0.0479775890669189,690.4827723208324,0.8883974472789871,0.9,-0.23827231622801026,0.33422749436184807,False
LFP,LMT,343,320,-0.032261941928111215,0.14586794085488472,-0.17812988278299594,659.6630588576659,3.398314531664514,0.7908186581416785,-0.4560209084366469,0.09976114287065505,False
LFP,LNA,343,53,-0.032261941928111215,0.049853923511436075,-0.0821158654395473,69.17915000670104,0.7822084432746016,0.9,-0.6600157629446469,0.4957840320655523,False
LFP,LNI,343,550,-0.032261941928111215,0.08948634996746929,-0.12174829189558051,655.309533609124,2.59804131277267,0.9,-0.3701937694160423,0.12669718562488128,False
LFP,LNM,343,249,-0.032261941928111215,0.1897160793622633,-0.22197802129037453,556.8108423069444,3.905344485216186,0.5506308847245653,-0.5235646784931643,0.0796086359124153,False
LFP,LPM,343,30,-0.032261941928111215,-0.6306420084823933,0.598380066554282,31.756026506779865,3.276157871034374,0.8185062985067635,-0.4563532795625993,1.6531134126711633,False
LFP,LQI,343,151,-0.032261941928111215,0.051276834171544314,-0.08353877609965553,279.44830494420506,1.1753363041314686,0.9,-0.4626560062887145,0.2955784540894034,False
LFP,LRT,343,96,-0.032261941928111215,-0.010004075565431883,-0.022257866362679332,147.83764539419067,0.2621336884715675,0.9,-0.47941455057437726,0.43489881784901857,False
LHR,LIC,178,222,-0.1310047931792722,0.021469345692512604,-0.1524741388717848,365.38687297213085,2.0602809266402,0.9,-0.5462411838997154,0.24129290615614585,False
LHR,LII,178,361,-0.1310047931792722,0.18254949359558295,-0.31355428677485514,277.8651788596785,4.869489249352728,0.1330024831929626,-0.6570354909376452,0.029926917387934904,False
LHR,LIM,178,201,-0.1310047931792722,-0.0041591995166991086,-0.1268455936625731,369.0668770704949,1.639365952451177,0.9,-0.5385012616535795,0.2848100743284333,False
LHR,LIN,178,64,-0.1310047931792722,0.04254897173690638,-0.17355376491617858,122.96120024368469,1.6904747893219585,0.9,-0.7285132710491091,0.38140574121675197,False
LHR,LIS,178,271,-0.1310047931792722,-0.00518103127124314,-0.12582376190802905,373.48793971372214,1.7282541238968583,0.9,-0.5131247067022819,0.2614771828862238,False
LHR,LIY,178,34,-0.1310047931792722,-0.201574093566915,0.07056930038764281,42.820748325890754,0.4355500268226054,0.9,-0.8441433643037779,0.9852819650790636,False
LHR,LMK,178,350,-0.1310047931792722,-0.08023953099503012,-0.05076526218424207,334.5772045767123,0.7419114694001011,0.9,-0.4151055662031834,0.3135750418346993,False
LHR,LMT,178,320,-0.1310047931792722,0.14586794085488472,-0.2768727340341569,315.0750110101551,4.1214131356402905,0.44643997957718284,-0.6347743809324321,0.08102891286411829,False
LHR,LNA,178,53,-0.1310047931792722,0.049853923511436075,-0.18085871669070827,90.3802947666885,1.599444460010957,0.9,-0.7972959270828873,0.4355784937014707,False
LHR,LNI,178,550,-0.1310047931792722,0.08948634996746929,-0.22049114314674148,259.14394924436135,3.5031797023822473,0.7395793134925734,-0.5564876935579903,0.11550540726450734,False
LHR,LNM,178,249,-0.1310047931792722,0.1897160793622633,-0.3207208725415355,346.9622218153306,4.537399101737595,0.2401626384081783,-0.6969705912069823,0.0555288461239114,False
LHR,LPM,178,30,-0.1310047931792722,-0.6306420084823933,0.4996372153031211,35.15279104707634,2.6659031914676117,0.9,-0.5735775143160861,1.5728519449223284,False
LHR,LQI,178,151,-0.1310047931792722,0.051276834171544314,-0.1822816273508165,321.5741326423081,2.207676357164554,0.9,-0.6220813918066238,0.25751813710499083,False
LHR,LRT,178,96,-0.1310047931792722,-0.010004075565431883,-0.1210007176138403,198.9962898357833,1.277217440308224,0.9,-0.628479096900972,0.3864776616732914,False
LIC,LII,222,361,0.021469345692512604,0.18254949359558295,-0.16108014790307035,395.49141280039163,2.881250864220898,0.9,-0.4583585459172822,0.1361982501111415,False
LIC,LIM,222,201,0.021469345692512604,-0.0041591995166991086,0.025628545209211713,411.4012810420985,0.3636775177942694,0.9,-0.3489858191420261,0.4002429095604495,False
LIC,LIN,222,64,0.021469345692512604,0.04254897173690638,-0.021079626044393777,104.60147856696562,0.21605098970454478,0.9,-0.550668584879492,0.5085093327907045,False
LIC,LIS,222,271,0.021469345692512604,-0.00518103127124314,0.026650376963755745,481.3279370686402,0.40737931983174164,0.9,-0.3207480572537409,0.3740488111812523,False
LIC,LIY,222,34,0.021469345692512604,-0.201574093566915,0.2230434392594276,39.64698701805065,1.404183134083321,0.9,-0.6784158655320268,1.124502744050882,False
LIC,LMK,222,350,0.021469345692512604,-0.08023953099503012,0.10170887668754272,472.8492667333279,1.6809175954918345,0.9,-0.21964516856454017,0.4230629219396256,False
LIC,LMT,222,320,0.021469345692512604,0.14586794085488472,-0.12439859516237212,443.9202120090368,2.1050472933809727,0.9,-0.43837857700451055,0.18958138667976632,False
LIC,LNA,222,53,0.021469345692512604,0.049853923511436075,-0.028384577818923472,78.13108622324074,0.2616850525680232,0.9,-0.6226624999224181,0.5658933442845712,False
LIC,LNI,222,550,0.021469345692512604,0.08948634996746929,-0.06801700427495669,369.74739070271306,1.2542695965267954,0.9,-0.3565229946278504,0.22048898607793702,False
LIC,LNM,222,249,0.021469345692512604,0.1897160793622633,-0.1682467336697507,454.4714477302349,2.6684175517301583,0.9,-0.5031921459233393,0.16669867858383783,False
LIC,LPM,222,30,0.021469345692512604,-0.6306420084823933,0.6521113541749058,33.17449056021741,3.53114286501048,0.7154316329816586,-0.4103728946171382,1.7145956029669498,False
LIC,LQI,222,151,0.021469345692512604,0.051276834171544314,-0.02980748847903171,312.9771278438859,0.391507034245811,0.9,-0.43544930477078164,0.37583432781271825,False
LIC,LRT,222,96,0.021469345692512604,-0.010004075565431883,0.03147342125794449,172.10949888282295,0.35288895333781567,0.9,-0.447376394023299,0.510323236539188,False
LII,LIM,361,201,0.18254949359558295,-0.0041591995166991086,0.18670869311228205,332.7333237454933,3.0966169074372987,0.9,-0.13435481674126887,0.5077722029658329,False
LII,LIN,361,64,0.18254949359558295,0.04254897173690638,0.14000052185867656,79.25226801561284,1.5471038059762012,0.9,-0.3555299917715662,0.6355310354889193,False
LII,LIS,361,271,0.18254949359558295,-0.00518103127124314,0.1877305248668261,487.864068954402,3.4569990333107974,0.7625862525536666,-0.10062173159413576,0.4760827813277879,False
LII,LIY,361,34,0.18254949359558295,-0.201574093566915,0.38412358716249795,35.620156291369774,2.4846814782248727,0.9,-0.5002317016125453,1.2684788759375412,False
LII,LMK,361,350,0.18254949359558295,-0.08023953099503012,0.26278902459061304,668.7272714718446,5.4435168876216355,0.035624755867016744,0.006870031204543159,0.518708017976683,True
LII,LMT,361,320,0.18254949359558295,0.14586794085488472,0.03668155274069823,644.7531273123897,0.7889716293285204,0.9,-0.20982742733281945,0.2831905328142159,False
LII,LNA,361,53,0.18254949359558295,0.049853923511436075,0.13269557008414687,62.16684605665009,1.2990198922486895,0.9,-0.4322564353871765,0.6976475755554703,False
LII,LNI,361,550,0.18254949359558295,0.08948634996746929,0.09306314362811366,819.7747406928353,2.319314471686953,0.9,-0.11947565980350325,0.30560194705973054,False
LII,LNM,361,249,0.18254949359558295,0.1897160793622633,-0.007166585766680361,480.7913466715783,0.13935375818377438,0.9,-0.28026556385243984,0.26593239231907906,False
LII,LPM,361,30,0.18254949359558295,-0.6306420084823933,0.8131915020779762,30.653902178363076,4.491885069256957,0.3204489012726349,-0.2355027675693223,1.8618857717252748,False
LII,LQI,361,151,0.18254949359558295,0.051276834171544314,0.13127265942403865,228.90025537218435,1.9643544554238157,0.9,-0.2260098278788349,0.4885551467269122,False
LII,LRT,361,96,0.18254949359558295,-0.010004075565431883,0.19255356916101485,126.29086022131436,2.365908437013566,0.9,-0.2471082162001464,0.632215354522176,False
LIM,LIN,201,64,-0.0041591995166991086,0.04254897173690638,-0.04670817125360549,114.12863575334036,0.4663970754431321,0.9,-0.5890412113407578,0.49562486883354684,False
LIM,LIS,201,271,-0.0041591995166991086,-0.00518103127124314,0.0010218317545440314,432.24296683530764,0.014764946173778971,0.9,-0.36674622593645695,0.36878988944554497,False
LIM,LIY,201,34,-0.0041591995166991086,-0.201574093566915,0.1974148940502159,41.22709540214279,1.2304658417251264,0.9,-0.7106493382100054,1.105479126310437,False
LIM,LMK,201,350,-0.0041591995166991086,-0.08023953099503012,0.07608033147833101,401.175261437304,1.178003377057846,0.9,-0.2673054429236067,0.4194661058802688,False
LIM,LMT,201,320,-0.0041591995166991086,0.14586794085488472,-0.15002714037158382,376.9409574299604,2.371495914341244,0.9,-0.48654605970629566,0.18649177896312802,False
LIM,LNA,201,53,-0.0041591995166991086,0.049853923511436075,-0.054013123028135185,84.33509673153156,0.48750950255588954,0.9,-0.6593913427299489,0.5513650966736785,False
LIM,LNI,201,550,-0.0041591995166991086,0.08948634996746929,-0.0936455494841684,310.0059166046923,1.5941854729883513,0.9,-0.4066456038606513,0.21935450489231453,False
LIM,LNM,201,249,-0.0041591995166991086,0.1897160793622633,-0.19387527887896241,404.02662982870487,2.8948401352508193,0.9,-0.5499422702277889,0.16219171246986405,False
LIM,LPM,201,30,-0.0041591995166991086,-0.6306420084823933,0.6264828089656942,34.159258162512714,3.367287058246143,0.7826143106132515,-0.4413443172670575,1.6943099351984459,False
LIM,LQI,201,151,-0.0041591995166991086,0.051276834171544314,-0.05543603368824342,324.9934043437281,0.6980696760594409,0.9,-0.478395713677071,0.3675236463005842,False
LIM,LRT,201,96,-0.0041591995166991086,-0.010004075565431883,0.0058448760487327745,187.2325360422173,0.06352984056868208,0.9,-0.4874357168995983,0.4991254689970639,False
LIN,LIS,64,271,0.04254897173690638,-0.00518103127124314,0.04773000300814952,101.5637105182936,0.49379839565630046,0.9,-0.47735922204832154,0.5728192280646206,False
LIN,LIY,64,34,0.04254897173690638,-0.201574093566915,0.24412306530382138,54.37457937812245,1.4025867555600406,0.9,-0.7248256457147275,1.2130717763223702,False
LIN,LMK,64,350,0.04254897173690638,-0.08023953099503012,0.1227885027319365,89.57430153993303,1.3145814437000187,0.9,-0.3865580764117411,0.6321350818756142,False
LIN,LMT,64,320,0.04254897173690638,0.14586794085488472,-0.10331896911797833,86.22754308816513,1.1170074739399773,0.9,-0.608339755248704,0.4017018170127473,False
LIN,LNA,64,53,0.04254897173690638,0.049853923511436075,-0.007304951774529694,109.21423560579105,0.05631085688876444,0.9,-0.7106203277276426,0.6960104241785832,False
LIN,LNI,64,550,0.04254897173690638,0.08948634996746929,-0.04693737823056291,75.83318640306828,0.5246446248763532,0.9,-0.5376454251021584,0.44377066864103254,False
LIN,LNM,64,249,0.04254897173690638,0.1897160793622633,-0.14716710762535692,95.42130230260452,1.5479504279517842,0.9,-0.6645833385687383,0.3702491233180245,False
LIN,LPM,64,30,0.04254897173690638,-0.6306420084823933,0.6731909802192997,42.75443603833416,3.4015215915402264,0.771428955873233,-0.44422823257969646,1.7906101930182958,False
LIN,LQI,64,151,0.04254897173690638,0.051276834171544314,-0.008727862434637933,126.9813804940485,0.08375210403939559,0.9,-0.5716169495628647,0.5541612246935887,False
LIN,LRT,64,96,0.04254897173690638,-0.010004075565431883,0.052553047302338264,142.51893863021184,0.46060610282462505,0.9,-0.5621884181649013,0.6672945127695777,False
LIS,LIY,271,34,-0.00518103127124314,-0.201574093566915,0.19639306229567186,39.110851473606836,1.2407525280492162,0.9,-0.7027737791120376,1.0955599037033814,False
LIS,LMK,271,350,-0.00518103127124314,-0.08023953099503012,0.07505849972378698,565.4891068639541,1.2715076900807942,0.9,-0.23813082139521652,0.38824782084279047,False
LIS,LMT,271,320,-0.00518103127124314,0.14586794085488472,-0.15104897212612786,533.7361605173347,2.623182834734851,0.9,-0.45664698693040406,0.1545490426781483,False
LIS,LNA,271,53,-0.00518103127124314,0.049853923511436075,-0.05503495478267922,76.09924895858401,0.5112320788025433,0.9,-0.6454163191220325,0.5353464095566741,False
LIS,LNI,271,550,-0.00518103127124314,0.08948634996746929,-0.09466738123871243,462.69312957127426,1.8006011652221292,0.9,-0.3739306397342321,0.1845958772568072,False
LIS,LNM,271,249,-0.00518103127124314,0.1897160793622633,-0.19489711063350645,517.2670979480827,3.1621048194575403,0.9,-0.5220623318138835,0.13226811054687065,False
LIS,LPM,271,30,-0.00518103127124314,-0.6306420084823933,0.6254609772111501,32.83836607563009,3.3956327888120343,0.7705098463222653,-0.43517370447259185,1.686095658894892,False
LIS,LQI,271,151,-0.00518103127124314,0.051276834171544314,-0.056457865442787455,314.3326895452594,0.7531038942717467,0.9,-0.455858562520922,0.34294283163534706,False
LIS,LRT,271,96,-0.00518103127124314,-0.010004075565431883,0.004823044294188743,167.69060292797224,0.05468761572679303,0.9,-0.46889537921927754,0.478541467807655,False
LIY,LMK,34,350,-0.201574093566915,-0.08023953099503012,-0.12133456257188488,37.226354594833836,0.7761951219284419,0.9,-1.0125414412577602,0.7698723161139904,False
LIY,LMT,34,320,-0.201574093566915,0.14586794085488472,-0.3474420344217997,36.71537969083748,2.230361627631388,0.9,-1.2364864483626232,0.5416023795190237,False
LIY,LNA,34,53,-0.201574093566915,0.049853923511436075,-0.25142801707835105,59.54191281828986,1.3938134729687832,0.9,-1.2511006850460125,0.7482446508893102,False
LIY,LNI,34,550,-0.201574093566915,0.08948634996746929,-0.2910604435343843,35.07431238547561,1.8900290581873815,0.9,-1.1730584028659212,0.5909375157971526,False
LIY,LNM,34,249,-0.201574093566915,0.1897160793622633,-0.39129017292917834,38.17464035217802,2.487200052301541,0.9,-1.2865446230707223,0.5039642772123657,False
LIY,LPM,34,30,-0.201574093566915,-0.6306420084823933,0.42906791491547824,58.969777590164014,1.8315638140008115,0.9,-0.8697688345713929,1.7279046644023492,False
LIY,LQI,34,151,-0.201574093566915,0.051276834171544314,-0.2528509277384593,43.80104899275719,1.551168364453434,0.9,-1.17176519892808,0.6660633434511612,False
LIY,LRT,34,96,-0.201574093566915,-0.010004075565431883,-0.1915700180014831,50.39060612450465,1.1302290988301484,0.9,-1.1390573171728828,0.7559172811699165,False
LMK,LMT,350,320,-0.08023953099503012,0.14586794085488472,-0.22610747184991484,667.7897563475387,4.353632706599457,0.3177304895172649,-0.501429334595684,0.04921439089585425,False
LMK,LNA,350,53,-0.08023953099503012,0.049853923511436075,-0.1300934545064662,68.5708813466867,1.2420632464845671,0.9,-0.7068853040150134,0.4466983950020809,False
LMK,LNI,350,550,-0.08023953099503012,0.08948634996746929,-0.1697258809624994,676.1034161759031,3.6640403308089255,0.6648682615966661,-0.4152768777808655,0.07582511585586674,False
LMK,LNM,350,249,-0.08023953099503012,0.1897160793622633,-0.26995561035729343,555.9024755493135,4.7868227529978125,0.15156405029919995,-0.5691891572759757,0.02927793656138894,False
LMK,LPM,350,30,-0.08023953099503012,-0.6306420084823933,0.5504024774873632,31.6608813047498,3.0157516502908015,0.9,-0.5038108304367533,1.6046157854114798,False
LMK,LQI,350,151,-0.08023953099503012,0.051276834171544314,-0.13151636516657444,275.5711792018163,1.8596260029729315,0.9,-0.5087984230686099,0.245765692735461,False
LMK,LRT,350,96,-0.08023953099503012,-0.010004075565431883,-0.07023545542959823,146.01114208658146,0.8300708903506254,0.9,-0.5259079970810813,0.38543708622188483,False
LMT,LNA,320,53,0.14586794085488472,0.049853923511436075,0.09601401734344864,66.50829584307468,0.9238320630150187,0.9,-0.47705989549645533,0.6690879301833526,False
LMT,LNI,320,550,0.14586794085488472,0.08948634996746929,0.05638159088741543,658.4379635297632,1.2681115705170636,0.9,-0.1793320968614611,0.2920952786362919,False
LMT,LNM,320,249,0.14586794085488472,0.1897160793622633,-0.04384813850737859,523.5920660104417,0.7990219575299925,0.9,-0.335121268208854,0.2474249911940968,False
LMT,LPM,320,30,0.14586794085488472,-0.6306420084823933,0.776509949337278,31.34131004699284,4.265465104728335,0.4144172980372477,-0.2759601859155667,1.8289800845901227,False
LMT,LQI,320,151,0.14586794085488472,0.051276834171544314,0.0945911066833404,259.7729560489647,1.3606855790524235,0.9,-0.2765052296768721,0.4656874430435529,False
LMT,LRT,320,96,0.14586794085488472,-0.010004075565431883,0.15587201642031662,139.5492906754607,1.8642858557692537,0.9,-0.29480879001867716,0.6065528228593104,False
LNA,LNI,53,550,0.049853923511436075,0.08948634996746929,-0.039632426456033217,60.029350633520956,0.3914625356971767,0.9,-0.60047418837749,0.5212093354654235,False
LNA,LNM,53,249,0.049853923511436075,0.1897160793622633,-0.13986215585082723,72.29067908765161,1.3166065614453295,0.9,-0.7236008697532421,0.4438765580515876,False
LNA,LPM,53,30,0.049853923511436075,-0.6306420084823933,0.6804959319938293,46.62184606394045,3.3438972745501574,0.7965209936214628,-0.46225931429963474,1.8232511782872933,False
LNA,LQI,53,151,0.049853923511436075,0.051276834171544314,-0.0014229106601082384,93.64751585844303,0.012429281307321596,0.9,-0.6248228020161516,0.6219769806959351,False
LNA,LRT,53,96,0.049853923511436075,-0.010004075565431883,0.05985799907686796,111.23913007056953,0.4844984364336778,0.9,-0.6096336101202509,0.7293496082739868,False
LNI,LNM,550,249,0.08948634996746929,0.1897160793622633,-0.10022972939479402,457.1819066792424,2.0208405451179137,0.9,-0.36369837439143926,0.16323891560185122,False
LNI,LPM,550,30,0.08948634996746929,-0.6306420084823933,0.7201283584498626,30.310319117602848,3.989087825986665,0.5303641068063545,-0.3266692900516661,1.7669260069513912,False
LNI,LQI,550,151,0.08948634996746929,0.051276834171544314,0.03820951579592498,213.56436687872792,0.583974574059605,0.9,-0.311925158637649,0.38834419022949895,False
LNI,LRT,550,96,0.08948634996746929,-0.010004075565431883,0.09949042553290117,119.79471900010834,1.2398582953802724,0.9,-0.33453638605895314,0.5335172371247555,False
LNM,LPM,249,30,0.1897160793622633,-0.6306420084823933,0.8203580878446566,32.25514195509189,4.473832910542701,0.3244280245387029,-0.2371174331931576,1.8778336088824708,False
LNM,LQI,249,151,0.1897160793622633,0.051276834171544314,0.13843924519071898,290.7052592910384,1.8987764889361987,0.9,-0.25029754927933406,0.5271760396607721,False
LNM,LRT,249,96,0.1897160793622633,-0.010004075565431883,0.19972015492769518,156.24905282131243,2.3102194553353907,0.9,-0.26523510926991684,0.6646754191253073,False
LPM,LQI,30,151,-0.6306420084823933,0.051276834171544314,-0.6819188426539375,35.769693498763246,3.622057342253682,0.6785669212843475,-1.7585387966425732,0.3947011113346981,False
LPM,LRT,30,96,-0.6306420084823933,-0.010004075565431883,-0.6206379329169613,39.9614798203363,3.2005730611874936,0.8544458642343757,-1.720530793495607,0.4792549276616842,False
LQI,LRT,151,96,0.051276834171544314,-0.010004075565431883,0.0612809097369762,200.8861147677272,0.6356290696758885,0.9,-0.45508273991366144,0.5776445593876138,False
