population,YEAR,SESSION,peak_order,peak_date,rolling_peak_center_date,daily_visits,daily_unique_students,rolling_unique_student_days_7d,rolling_visits_7d,prominence,detection_prominence_threshold
All CMAT,2019,OTONO,1,2019-08-28,2019-08-27,56,53,188.0,206.0,188.0,24.24
All CMAT,2019,OTONO,2,2019-09-25,2019-09-27,44,42,187.0,202.0,187.0,24.24
All CMAT,2019,OTONO,3,2019-10-31,2019-10-28,54,48,202.0,211.0,202.0,24.24
All CMAT,2019,OTONO,4,2019-11-28,2019-11-27,59,53,176.0,185.0,97.0,24.24
All CMAT,2019,PRIMAVERA,1,2019-02-10,2019-02-09,71,69,111.0,117.0,111.0,19.32
All CMAT,2019,PRIMAVERA,2,2019-03-10,2019-03-09,40,35,63.0,68.0,63.0,19.32
All CMAT,2019,PRIMAVERA,3,2019-04-09,2019-04-10,62,60,161.0,171.0,161.0,19.32
All CMAT,2019,PRIMAVERA,4,2019-05-09,2019-05-10,57,53,97.0,105.0,97.0,19.32
All CMAT,2020,OTONO,1,2020-07-09,2020-07-10,16,15,35.0,37.0,20.0,18.96
All CMAT,2020,OTONO,2,2020-08-09,2020-08-10,26,25,56.0,58.0,56.0,18.96
All CMAT,2020,OTONO,3,2020-09-18,2020-09-20,38,38,158.0,164.0,143.0,18.96
All CMAT,2020,OTONO,4,2020-11-02,2020-10-31,71,66,134.0,144.0,102.0,18.96
All CMAT,2020,OTONO,5,2020-12-03,2020-11-30,53,48,118.0,127.0,97.0,18.96
All CMAT,2020,PRIMAVERA,1,2020-02-13,2020-02-16,54,48,131.0,139.0,131.0,15.719999999999999
All CMAT,2020,PRIMAVERA,2,2020-03-13,2020-03-11,26,26,57.0,57.0,41.0,15.719999999999999
All CMAT,2020,PRIMAVERA,3,2020-04-02,2020-04-02,51,51,61.0,61.0,61.0,15.719999999999999
All CMAT,2020,PRIMAVERA,4,2020-05-03,2020-05-02,50,46,73.0,77.0,73.0,15.719999999999999
All CMAT,2020,PRIMAVERA,5,2020-06-02,2020-06-02,41,41,53.0,53.0,41.0,15.719999999999999
All CMAT,2021,OTONO,1,2021-07-09,2021-07-07,23,17,40.0,47.0,24.0,9.48
All CMAT,2021,OTONO,2,2021-08-11,2021-08-10,23,22,47.0,53.0,28.0,9.48
All CMAT,2021,OTONO,3,2021-09-11,2021-09-12,28,23,75.0,86.0,55.0,9.48
All CMAT,2021,OTONO,4,2021-10-15,2021-10-18,35,31,79.0,84.0,64.0,9.48
All CMAT,2021,OTONO,5,2021-11-17,2021-11-20,20,19,68.0,73.0,50.0,9.48
All CMAT,2021,PRIMAVERA,1,2021-01-09,2021-01-10,25,24,48.0,49.0,42.0,8.76
All CMAT,2021,PRIMAVERA,2,2021-02-15,2021-02-14,23,23,73.0,79.0,73.0,8.76
All CMAT,2021,PRIMAVERA,3,2021-03-19,2021-03-19,26,23,56.0,69.0,38.0,8.76
All CMAT,2021,PRIMAVERA,4,2021-04-11,2021-04-13,18,18,68.0,73.0,62.0,8.76
All CMAT,2021,PRIMAVERA,5,2021-06-09,2021-06-07,36,29,49.0,63.0,9.0,8.76
All CMAT,2022,OTONO,1,2022-07-09,2022-07-10,34,32,89.0,101.0,76.0,20.52
All CMAT,2022,OTONO,2,2022-08-31,2022-08-28,42,42,150.0,153.0,141.0,20.52
All CMAT,2022,OTONO,3,2022-09-26,2022-09-29,53,52,169.0,177.0,162.0,20.52
All CMAT,2022,OTONO,4,2022-11-15,2022-11-14,46,45,171.0,178.0,171.0,20.52
All CMAT,2022,PRIMAVERA,1,2022-01-09,2022-01-10,33,31,58.0,62.0,37.0,12.719999999999999
All CMAT,2022,PRIMAVERA,2,2022-02-11,2022-02-14,39,36,81.0,86.0,71.0,12.719999999999999
All CMAT,2022,PRIMAVERA,3,2022-03-10,2022-03-13,53,47,106.0,116.0,106.0,12.719999999999999
All CMAT,2022,PRIMAVERA,4,2022-04-10,2022-04-08,32,31,60.0,61.0,46.0,12.719999999999999
All CMAT,2022,PRIMAVERA,5,2022-05-10,2022-05-07,41,39,87.0,90.0,81.0,12.719999999999999
All CMAT,2023,OTONO,1,2023-08-03,2023-08-03,29,25,39.0,44.0,25.0,22.08
All CMAT,2023,OTONO,2,2023-08-31,2023-08-31,48,38,167.0,184.0,160.0,22.08
All CMAT,2023,OTONO,3,2023-09-28,2023-09-27,35,34,139.0,145.0,118.0,22.08
All CMAT,2023,OTONO,4,2023-11-15,2023-11-12,50,50,184.0,191.0,184.0,22.08
All CMAT,2023,PRIMAVERA,1,2023-01-11,2023-01-14,40,38,60.0,63.0,29.0,17.04
All CMAT,2023,PRIMAVERA,2,2023-02-10,2023-02-13,47,46,142.0,160.0,126.0,17.04
All CMAT,2023,PRIMAVERA,3,2023-03-10,2023-03-13,53,46,127.0,142.0,107.0,17.04
All CMAT,2023,PRIMAVERA,4,2023-04-09,2023-04-11,60,57,125.0,132.0,112.0,17.04
All CMAT,2023,PRIMAVERA,5,2023-05-09,2023-05-09,46,43,62.0,67.0,62.0,17.04
All CMAT,2024,PRIMAVERA,1,2024-02-06,2024-02-09,41,36,93.0,101.0,31.0,13.44
All CMAT,2024,PRIMAVERA,2,2024-02-29,2024-03-02,41,40,100.0,102.0,88.0,13.44
All CMAT,2024,PRIMAVERA,3,2024-04-16,2024-04-13,36,35,112.0,114.0,108.0,13.44
First-MU cohort during MU term,2019,OTONO,1,2019-08-10,2019-08-10,37,34,42.0,45.0,42.0,11.16
First-MU cohort during MU term,2019,OTONO,2,2019-09-10,2019-09-11,34,28,56.0,67.0,34.0,11.16
First-MU cohort during MU term,2019,OTONO,3,2019-10-10,2019-10-12,39,36,81.0,88.0,23.0,11.16
First-MU cohort during MU term,2019,OTONO,4,2019-11-09,2019-11-12,31,28,93.0,97.0,93.0,11.16
First-MU cohort during MU term,2019,PRIMAVERA,1,2019-02-10,2019-02-09,5,5,7.0,7.0,7.0,5.0
First-MU cohort during MU term,2019,PRIMAVERA,2,2019-03-09,2019-03-09,4,4,6.0,6.0,6.0,5.0
First-MU cohort during MU term,2019,PRIMAVERA,3,2019-04-09,2019-04-10,9,8,14.0,18.0,14.0,5.0
First-MU cohort during MU term,2019,PRIMAVERA,4,2019-05-09,2019-05-10,12,10,14.0,16.0,14.0,5.0
First-MU cohort during MU term,2020,OTONO,1,2020-08-09,2020-08-10,4,3,8.0,9.0,8.0,6.24
First-MU cohort during MU term,2020,OTONO,2,2020-09-18,2020-09-20,14,14,52.0,55.0,52.0,6.24
First-MU cohort during MU term,2020,OTONO,3,2020-10-26,2020-10-26,13,13,39.0,39.0,39.0,6.24
First-MU cohort during MU term,2020,OTONO,4,2020-11-30,2020-11-27,9,8,20.0,24.0,20.0,6.24
First-MU cohort during MU term,2020,PRIMAVERA,1,2020-02-13,2020-02-15,7,6,13.0,14.0,13.0,5.0
First-MU cohort during MU term,2020,PRIMAVERA,2,2020-05-03,2020-05-02,5,5,6.0,6.0,6.0,5.0
First-MU cohort during MU term,2021,OTONO,1,2021-08-11,2021-08-10,8,8,14.0,14.0,14.0,5.0
First-MU cohort during MU term,2021,OTONO,2,2021-09-11,2021-09-12,7,7,23.0,23.0,22.0,5.0
First-MU cohort during MU term,2021,OTONO,3,2021-10-25,2021-10-27,8,8,25.0,25.0,25.0,5.0
First-MU cohort during MU term,2021,OTONO,4,2021-11-18,2021-11-19,7,7,18.0,21.0,18.0,5.0
First-MU cohort during MU term,2021,PRIMAVERA,1,2021-02-16,2021-02-19,7,4,9.0,12.0,9.0,5.0
First-MU cohort during MU term,2021,PRIMAVERA,2,2021-04-11,2021-04-12,3,3,8.0,8.0,8.0,5.0
First-MU cohort during MU term,2022,OTONO,1,2022-08-31,2022-08-28,27,27,60.0,61.0,60.0,11.639999999999999
First-MU cohort during MU term,2022,OTONO,2,2022-11-16,2022-11-16,27,27,97.0,99.0,97.0,11.639999999999999
First-MU cohort during MU term,2022,PRIMAVERA,1,2022-03-11,2022-03-08,6,5,9.0,10.0,9.0,5.0
First-MU cohort during MU term,2022,PRIMAVERA,2,2022-04-11,2022-04-10,5,5,6.0,6.0,6.0,5.0
First-MU cohort during MU term,2023,OTONO,1,2023-08-31,2023-08-28,27,22,59.0,68.0,59.0,12.0
First-MU cohort during MU term,2023,OTONO,2,2023-09-26,2023-09-27,15,14,56.0,59.0,56.0,12.0
First-MU cohort during MU term,2023,OTONO,3,2023-11-13,2023-11-12,25,25,100.0,102.0,100.0,12.0
First-MU cohort during MU term,2023,PRIMAVERA,1,2023-01-17,2023-01-20,4,4,12.0,12.0,11.0,5.0
First-MU cohort during MU term,2023,PRIMAVERA,2,2023-02-13,2023-02-13,15,9,17.0,23.0,15.0,5.0
First-MU cohort during MU term,2023,PRIMAVERA,3,2023-03-15,2023-03-13,10,7,26.0,30.0,25.0,5.0
First-MU cohort during MU term,2023,PRIMAVERA,4,2023-04-25,2023-04-22,7,6,12.0,13.0,12.0,5.0
First-MU cohort during MU term,2024,PRIMAVERA,1,2024-02-01,2024-01-29,5,5,11.0,11.0,7.0,5.0
First-MU cohort during MU term,2024,PRIMAVERA,2,2024-02-22,2024-02-25,8,8,21.0,21.0,20.0,5.0
First-MU cohort during MU term,2024,PRIMAVERA,3,2024-04-10,2024-04-13,9,9,28.0,28.0,14.0,5.0
