YEAR,SESSION,PPA_COMPLETION_DATE,students_reaching_ppa,students_reaching_ppa_with_3plus_that_day
2019,OTONO,2019-07-11,1,0
2019,OTONO,2019-08-10,5,0
2019,OTONO,2019-08-22,1,0
2019,OTONO,2019-08-26,3,0
2019,OTONO,2019-08-29,2,1
2019,OTONO,2019-09-09,1,0
2019,OTONO,2019-09-10,4,1
2019,OTONO,2019-09-13,4,0
2019,OTONO,2019-09-17,1,0
2019,OTONO,2019-09-18,6,0
2019,OTONO,2019-09-19,1,0
2019,OTONO,2019-09-20,2,0
2019,OTONO,2019-09-23,2,0
2019,OTONO,2019-09-24,1,0
2019,OTONO,2019-09-25,2,0
2019,OTONO,2019-09-26,8,1
2019,OTONO,2019-09-27,1,0
2019,OTONO,2019-09-30,1,0
2019,OTONO,2019-10-09,3,0
2019,OTONO,2019-10-10,3,0
2019,OTONO,2019-10-14,2,1
2019,OTONO,2019-10-15,1,0
2019,OTONO,2019-10-17,5,0
2019,OTONO,2019-10-18,1,0
2019,OTONO,2019-10-22,4,0
2019,OTONO,2019-10-23,5,0
2019,OTONO,2019-10-24,3,1
2019,OTONO,2019-10-25,1,0
2019,OTONO,2019-10-28,1,0
2019,OTONO,2019-10-29,3,0
2019,OTONO,2019-10-30,1,0
2019,OTONO,2019-10-31,6,0
2019,OTONO,2019-11-09,4,0
2019,OTONO,2019-11-10,1,0
2019,OTONO,2019-11-11,4,0
2019,OTONO,2019-11-13,1,0
2019,OTONO,2019-11-14,2,0
2019,OTONO,2019-11-15,1,0
2019,OTONO,2019-11-19,3,0
2019,OTONO,2019-11-20,1,0
2019,OTONO,2019-11-21,1,0
2019,OTONO,2019-11-26,4,0
2019,OTONO,2019-11-27,2,0
2019,OTONO,2019-11-28,5,0
2019,OTONO,2019-11-29,1,0
2019,OTONO,2019-12-09,4,0
2019,OTONO,2019-12-11,1,0
2019,PRIMAVERA,2019-03-09,1,0
2019,PRIMAVERA,2019-04-09,1,0
2019,PRIMAVERA,2019-04-10,1,1
2019,PRIMAVERA,2019-05-09,2,0
2019,PRIMAVERA,2019-05-11,1,0
2019,PRIMAVERA,2019-06-09,3,0
2019,PRIMAVERA,2019-06-11,2,0
2020,OTONO,2020-09-09,1,0
2020,OTONO,2020-09-10,1,0
2020,OTONO,2020-09-11,2,1
2020,OTONO,2020-09-17,1,0
2020,OTONO,2020-09-22,1,0
2020,OTONO,2020-09-25,2,0
2020,OTONO,2020-09-28,1,0
2020,OTONO,2020-09-29,1,0
2020,OTONO,2020-09-30,2,0
2020,OTONO,2020-10-09,2,0
2020,OTONO,2020-10-13,1,0
2020,OTONO,2020-10-15,1,0
2020,OTONO,2020-10-16,2,0
2020,OTONO,2020-10-21,1,0
2020,OTONO,2020-10-22,1,0
2020,OTONO,2020-10-23,1,0
2020,OTONO,2020-10-26,2,0
2020,OTONO,2020-10-27,1,0
2020,OTONO,2020-10-28,2,0
2020,OTONO,2020-10-29,3,0
2020,OTONO,2020-11-11,1,0
2020,OTONO,2020-11-18,1,0
2020,OTONO,2020-11-20,1,0
2020,OTONO,2020-11-30,4,0
2020,OTONO,2020-12-10,1,0
2020,OTONO,2020-12-11,1,0
2020,PRIMAVERA,2020-02-11,1,0
2020,PRIMAVERA,2020-02-20,1,0
2020,PRIMAVERA,2020-04-02,2,0
2020,PRIMAVERA,2020-05-02,1,0
2020,PRIMAVERA,2020-06-10,1,0
2021,OTONO,2021-09-11,1,0
2021,OTONO,2021-09-15,3,0
2021,OTONO,2021-09-20,1,0
2021,OTONO,2021-09-28,1,0
2021,OTONO,2021-10-09,1,0
2021,OTONO,2021-10-14,1,0
2021,OTONO,2021-10-15,1,0
2021,OTONO,2021-10-18,2,0
2021,OTONO,2021-10-21,1,0
2021,OTONO,2021-10-25,1,0
2021,OTONO,2021-10-26,2,0
2021,OTONO,2021-11-10,2,0
2021,OTONO,2021-11-11,1,0
2021,OTONO,2021-11-18,2,0
2021,OTONO,2021-11-22,1,1
2021,OTONO,2021-11-23,1,0
2021,OTONO,2021-11-24,1,0
2021,OTONO,2021-12-10,3,0
2021,OTONO,2021-12-11,2,0
2021,PRIMAVERA,2021-02-24,1,0
2021,PRIMAVERA,2021-03-11,2,0
2021,PRIMAVERA,2021-03-16,1,0
2021,PRIMAVERA,2021-04-02,1,0
2021,PRIMAVERA,2021-04-13,1,0
2021,PRIMAVERA,2021-04-28,1,0
2022,OTONO,2022-07-10,1,1
2022,OTONO,2022-07-11,1,0
2022,OTONO,2022-08-09,2,0
2022,OTONO,2022-08-15,2,0
2022,OTONO,2022-08-17,3,0
2022,OTONO,2022-08-22,1,0
2022,OTONO,2022-08-24,2,0
2022,OTONO,2022-08-25,1,0
2022,OTONO,2022-08-29,1,0
2022,OTONO,2022-08-30,2,0
2022,OTONO,2022-08-31,6,0
2022,OTONO,2022-09-09,1,0
2022,OTONO,2022-09-11,2,0
2022,OTONO,2022-09-13,1,0
2022,OTONO,2022-09-15,1,0
2022,OTONO,2022-09-20,4,0
2022,OTONO,2022-09-21,2,0
2022,OTONO,2022-09-22,1,0
2022,OTONO,2022-09-23,1,0
2022,OTONO,2022-09-26,2,0
2022,OTONO,2022-09-27,1,0
2022,OTONO,2022-09-28,4,0
2022,OTONO,2022-09-29,2,0
2022,OTONO,2022-09-30,1,0
2022,OTONO,2022-10-10,3,0
2022,OTONO,2022-10-11,1,0
2022,OTONO,2022-10-13,5,0
2022,OTONO,2022-10-14,2,0
2022,OTONO,2022-10-17,1,0
2022,OTONO,2022-10-18,2,0
2022,OTONO,2022-10-19,1,0
2022,OTONO,2022-10-20,2,0
2022,OTONO,2022-10-25,2,0
2022,OTONO,2022-10-26,2,0
2022,OTONO,2022-10-27,3,0
2022,OTONO,2022-10-28,3,1
2022,OTONO,2022-10-31,3,0
2022,OTONO,2022-11-14,1,0
2022,OTONO,2022-11-15,6,0
2022,OTONO,2022-11-16,9,0
2022,OTONO,2022-11-17,7,0
2022,OTONO,2022-11-22,2,0
2022,OTONO,2022-11-23,2,1
2022,PRIMAVERA,2022-03-11,2,0
2022,PRIMAVERA,2022-03-18,1,0
2022,PRIMAVERA,2022-03-22,1,0
2022,PRIMAVERA,2022-04-26,1,0
2022,PRIMAVERA,2022-06-04,1,0
2022,PRIMAVERA,2022-06-10,1,0
2023,OTONO,2023-08-14,1,0
2023,OTONO,2023-08-18,1,0
2023,OTONO,2023-08-22,1,0
2023,OTONO,2023-08-23,1,0
2023,OTONO,2023-08-24,2,0
2023,OTONO,2023-08-25,2,1
2023,OTONO,2023-08-28,6,0
2023,OTONO,2023-08-29,2,0
2023,OTONO,2023-08-30,3,0
2023,OTONO,2023-08-31,5,1
2023,OTONO,2023-09-10,1,0
2023,OTONO,2023-09-11,2,0
2023,OTONO,2023-09-13,1,0
2023,OTONO,2023-09-14,2,0
2023,OTONO,2023-09-15,1,0
2023,OTONO,2023-09-18,3,0
2023,OTONO,2023-09-19,1,0
2023,OTONO,2023-09-20,2,0
2023,OTONO,2023-09-21,6,0
2023,OTONO,2023-09-25,2,0
2023,OTONO,2023-09-27,3,0
2023,OTONO,2023-10-11,2,0
2023,OTONO,2023-10-16,2,0
2023,OTONO,2023-10-18,5,0
2023,OTONO,2023-10-19,2,0
2023,OTONO,2023-10-23,2,0
2023,OTONO,2023-10-24,2,0
2023,OTONO,2023-10-25,1,0
2023,OTONO,2023-10-26,6,0
2023,OTONO,2023-10-27,1,0
2023,OTONO,2023-10-30,2,0
2023,OTONO,2023-10-31,3,0
2023,OTONO,2023-11-09,3,0
2023,OTONO,2023-11-10,1,0
2023,OTONO,2023-11-13,5,0
2023,OTONO,2023-11-14,3,0
2023,OTONO,2023-11-15,1,0
2023,OTONO,2023-11-16,8,2
2023,OTONO,2023-11-22,1,0
2023,OTONO,2023-11-23,1,0
2023,OTONO,2023-12-09,1,0
2023,OTONO,2023-12-10,2,0
2023,PRIMAVERA,2023-01-17,1,0
2023,PRIMAVERA,2023-01-23,2,0
2023,PRIMAVERA,2023-01-31,2,0
2023,PRIMAVERA,2023-02-13,1,1
2023,PRIMAVERA,2023-02-15,1,0
2023,PRIMAVERA,2023-02-16,1,0
2023,PRIMAVERA,2023-02-22,1,0
2023,PRIMAVERA,2023-03-05,1,0
2023,PRIMAVERA,2023-03-10,1,0
2023,PRIMAVERA,2023-03-13,1,0
2023,PRIMAVERA,2023-03-23,1,0
2023,PRIMAVERA,2023-04-19,1,0
2023,PRIMAVERA,2023-04-20,1,0
2023,PRIMAVERA,2023-04-25,1,0
2023,PRIMAVERA,2023-05-09,1,0
2023,PRIMAVERA,2023-05-10,1,0
2024,PRIMAVERA,2024-02-19,1,0
2024,PRIMAVERA,2024-02-20,1,0
2024,PRIMAVERA,2024-02-21,1,0
2024,PRIMAVERA,2024-02-22,2,0
2024,PRIMAVERA,2024-02-28,2,0
2024,PRIMAVERA,2024-03-01,1,0
2024,PRIMAVERA,2024-03-04,1,0
2024,PRIMAVERA,2024-03-11,1,0
2024,PRIMAVERA,2024-03-14,1,0
2024,PRIMAVERA,2024-03-21,1,0
2024,PRIMAVERA,2024-04-03,1,0
2024,PRIMAVERA,2024-04-04,1,0
2024,PRIMAVERA,2024-04-08,1,0
2024,PRIMAVERA,2024-04-10,3,0
2024,PRIMAVERA,2024-04-11,1,0
2024,PRIMAVERA,2024-04-15,1,0
2024,PRIMAVERA,2024-04-16,2,0
2024,PRIMAVERA,2024-04-17,1,0
2024,PRIMAVERA,2024-04-19,1,0
2024,PRIMAVERA,2024-04-22,3,1
2024,PRIMAVERA,2024-04-24,1,0
2024,PRIMAVERA,2024-04-26,2,0
2024,PRIMAVERA,2024-04-29,3,1
